Home,Away,Date,Won, ,PointDiff,FTDiff,Home2pt,Away2pt,Home3pt,Away3pt,Def2pt,OppDef2pt,Def3pt,OppDef3pt
9,0,2023-10-24,0, ,-4,9,52,62,30,33,500,448,333,233
7,13,2023-10-24,1, ,12,-6,68,62,42,30,508,596,345,412
4,20,2023-10-25,0, ,-20,-1,54,52,36,57,605,519,487,286
27,17,2023-10-25,1, ,3,-7,44,52,42,24,377,400,258,400
21,10,2023-10-25,1, ,30,13,66,40,27,36,444,623,353,265
3,0,2023-10-25,1, ,6,-8,64,68,33,15,531,653,172,297
12,24,2023-10-25,1, ,12,0,62,68,48,30,557,554,313,471
11,29,2023-10-25,1, ,23,-12,72,70,60,27,486,563,375,465
28,25,2023-10-25,0, ,-16,6,64,56,27,57,549,508,373,321
19,1,2023-10-25,0, ,-4,-8,36,50,54,36,658,321,308,439
26,6,2023-10-25,0, ,-7,-1,70,64,33,45,615,648,319,314
14,18,2023-10-25,0, ,-7,-1,52,52,36,42,491,542,438,279
15,8,2023-10-25,1, ,1,12,58,60,24,33,500,414,344,364
2,5,2023-10-25,0, ,-1,11,66,54,27,51,529,579,395,333
13,0,2023-10-26,1, ,5,5,62,50,15,27,500,564,290,172
16,22,2023-10-26,1, ,1,6,60,50,33,48,556,588,457,367
26,10,2023-10-27,1, ,4,11,66,88,39,24,647,635,250,310
0,19,2023-10-27,0, ,-6,4,60,46,36,60,500,545,455,375
14,7,2023-10-27,0, ,-4,8,54,54,30,42,529,519,378,303
4,27,2023-10-27,1, ,1,6,58,60,24,27,625,483,250,205
25,9,2023-10-27,0, ,-8,8,58,68,36,42,618,537,438,300
6,2,2023-10-27,1, ,5,13,58,48,45,63,490,527,488,417
5,20,2023-10-27,0, ,-3,2,52,54,36,39,443,553,500,267
28,12,2023-10-27,1, ,2,-2,52,54,48,42,643,473,400,390
1,15,2023-10-27,1, ,8,-6,58,44,48,48,393,518,485,410
3,8,2023-10-27,0, ,-12,5,52,60,21,30,517,433,333,250
24,21,2023-10-27,0, ,-5,-3,52,54,27,27,529,464,321,281
29,14,2023-10-28,1, ,7,8,48,40,48,57,455,511,404,348
17,15,2023-10-28,1, ,16,-2,64,46,36,36,469,615,316,353
5,11,2023-10-28,0, ,-12,1,62,66,36,45,550,456,395,387
18,19,2023-10-28,1, ,9,-7,62,52,27,21,491,574,189,273
27,22,2023-10-28,0, ,-7,-4,42,66,51,30,569,382,357,531
8,4,2023-10-28,1, ,16,3,66,56,36,33,431,569,393,429
0,28,2023-10-28,1, ,22,14,70,56,30,36,519,729,324,270
22,24,2023-10-29,1, ,28,16,58,58,33,21,460,537,226,393
25,13,2023-10-29,1, ,5,-9,64,56,51,45,528,571,333,354
16,0,2023-10-29,0, ,-17,-2,46,64,48,45,571,548,405,364
10,9,2023-10-29,0, ,-11,0,50,34,27,54,472,439,400,273
20,7,2023-10-29,0, ,-33,4,62,84,18,33,689,534,407,188
12,26,2023-10-29,1, ,40,1,62,38,48,33,404,633,333,381
20,8,2023-10-30,1, ,12,4,62,48,39,45,381,574,536,448
18,9,2023-10-30,0, ,-28,3,56,72,30,45,632,519,366,256
3,2,2023-10-30,0, ,-12,-4,78,74,24,36,685,600,364,258
27,24,2023-10-30,0, ,-8,-1,68,54,12,33,540,523,314,138
16,15,2023-10-30,1, ,8,3,64,56,36,39,538,640,382,324
13,21,2023-10-30,1, ,3,1,68,48,24,42,400,654,400,296
7,28,2023-10-30,1, ,8,0,76,62,27,33,508,679,297,321
11,4,2023-10-30,0, ,-7,-5,48,68,36,18,486,571,353,261
29,1,2023-10-30,0, ,-19,13,56,64,33,57,653,549,358,306
0,17,2023-10-30,1, ,14,8,68,56,42,48,491,607,485,467
14,6,2023-10-30,0, ,-15,-6,56,38,42,69,514,509,489,378
12,21,2023-10-31,1, ,16,-3,60,62,42,21,608,517,233,452
0,26,2023-10-31,0, ,-1,-3,48,58,54,42,527,545,378,462
5,19,2023-10-31,0, ,-18,-11,52,50,30,39,481,481,382,263
8,24,2023-11-01,0, ,-9,-17,58,62,33,21,508,475,350,379
19,5,2023-11-01,0, ,-6,1,54,40,15,36,476,435,375,167
28,14,2023-11-01,1, ,24,-8,50,42,66,42,500,568,259,512
15,2,2023-11-01,0, ,-4,-5,52,42,39,48,457,491,444,342
10,3,2023-11-01,1, ,9,1,46,68,63,33,540,489,407,568
27,16,2023-11-01,1, ,19,-15,72,44,45,39,524,679,382,395
13,12,2023-11-01,1, ,5,10,70,66,33,42,508,603,412,344
0,29,2023-11-01,1, ,9,20,74,82,27,30,672,617,250,281
20,18,2023-11-01,0, ,-4,6,62,54,21,39,450,574,310,206
1,11,2023-11-01,1, ,51,20,68,82,60,15,641,567,135,571
6,4,2023-11-01,1, ,9,10,34,62,60,33,554,515,333,417
17,7,2023-11-01,1, ,21,19,60,64,24,18,508,484,182,381
9,25,2023-11-01,1, ,1,-5,56,50,33,33,472,560,314,355
28,21,2023-11-02,0, ,-2,-8,58,58,36,30,518,518,345,364
18,8,2023-11-02,1, ,9,12,50,56,42,39,500,521,342,438
22,27,2023-11-02,1, ,15,8,66,56,27,30,549,493,357,360
0,26,2023-11-02,0, ,-11,7,54,66,48,54,541,563,486,500
16,19,2023-11-03,1, ,5,1,30,56,60,30,491,349,256,513
20,9,2023-11-03,0, ,-2,-1,70,62,45,54,596,648,450,517
4,2,2023-11-03,0, ,-2,7,64,52,33,54,510,525,400,393
15,29,2023-11-03,1, ,7,3,70,66,39,39,623,660,464,481
11,5,2023-11-03,1, ,5,-4,60,72,45,24,643,545,286,484
7,6,2023-11-03,1, ,11,-1,72,48,39,51,545,571,405,433
24,14,2023-11-03,1, ,2,19,60,74,27,30,607,469,286,281
7,4,2023-11-04,1, ,22,7,52,64,48,21,533,578,269,444
17,28,2023-11-04,1, ,28,11,72,46,27,36,479,632,279,375
22,0,2023-11-04,1, ,12,-12,64,46,33,27,426,533,257,367
11,3,2023-11-04,0, ,-1,-11,46,78,66,24,574,479,400,489
21,13,2023-11-04,1, ,19,-3,68,58,36,24,537,500,267,364
10,25,2023-11-04,1, ,18,0,54,42,39,33,488,529,268,361
18,0,2023-11-04,0, ,-18,-2,64,62,24,42,596,604,341,258
2,1,2023-11-04,0, ,-10,-12,52,56,51,45,622,542,333,327
6,3,2023-11-05,1, ,6,12,58,82,42,24,594,592,267,333
26,27,2023-11-05,0, ,-7,-6,76,50,30,57,510,594,396,313
24,14,2023-11-05,0, ,-12,3,46,64,42,39,561,460,406,311
8,0,2023-11-05,0, ,-14,-14,70,70,24,24,538,547,381,348
5,9,2023-11-05,1, ,11,2,60,36,33,48,340,652,390,297
15,13,2023-11-06,1, ,1,3,58,72,36,24,655,569,308,324
2,16,2023-11-06,0, ,-4,-10,66,60,48,48,625,589,333,356
8,9,2023-11-06,0, ,-11,4,50,68,39,36,607,500,293,433
19,12,2023-11-06,1, ,14,3,58,50,36,33,610,509,344,387
22,29,2023-11-06,1, ,18,16,78,70,36,42,565,650,412,387
20,0,2023-11-06,1, ,9,-5,62,48,42,42,400,525,333,400
21,6,2023-11-06,0, ,-15,-6,64,52,24,45,619,552,375,296
17,1,2023-11-06,1, ,5,-13,62,50,39,33,472,646,282,351
10,25,2023-11-06,1, ,25,10,56,44,45,42,537,636,350,484
4,28,2023-11-06,1, ,17,1,60,50,54,48,581,508,372,529
11,26,2023-11-06,1, ,41,-1,70,64,60,24,471,614,308,526
7,18,2023-11-06,1, ,18,4,72,64,45,39,533,643,433,385
10,13,2023-11-08,1, ,34,-3,74,58,42,21,483,617,280,424
16,8,2023-11-08,1, ,2,12,60,82,33,21,594,566,241,297
2,12,2023-11-08,1, ,7,-2,44,56,45,24,509,431,222,366
22,1,2023-11-08,1, ,3,-3,66,42,27,45,477,541,319,265
14,15,2023-11-08,0, ,-6,-6,48,48,33,33,490,453,393,297
11,28,2023-11-08,1, ,16,0,78,68,39,33,493,650,407,317
19,26,2023-11-08,1, ,21,7,54,70,57,27,625,466,265,452
17,18,2023-11-08,1, ,21,-4,60,56,45,24,431,667,286,405
20,5,2023-11-08,1, ,8,1,64,66,36,27,611,552,310,429
3,29,2023-11-08,0, ,-16,6,66,58,24,54,537,611,419,320
4,0,2023-11-08,0, ,-1,-4,56,38,42,57,452,444,396,424
7,9,2023-11-08,1, ,3,-5,60,52,33,33,510,526,314,314
25,24,2023-11-08,1, ,3,6,60,72,33,24,554,577,364,297
6,27,2023-11-08,0, ,-11,1,46,76,51,33,603,535,306,415
11,16,2023-11-09,1, ,2,-5,48,74,60,27,617,545,333,417
21,0,2023-11-09,0, ,-1,2,64,52,30,45,565,508,385,370
1,2,2023-11-10,1, ,14,4,44,46,57,45,479,524,405,365
0,13,2023-11-10,0, ,-3,-6,54,60,45,36,526,474,444,405
29,3,2023-11-10,0, ,-7,-1,58,88,42,18,537,580,214,368
8,22,2023-11-10,0, ,-8,-17,64,52,24,27,473,552,321,286
25,20,2023-11-10,1, ,7,3,50,64,39,21,561,568,233,277
14,28,2023-11-10,0, ,-6,-17,54,46,57,54,590,509,486,396
26,17,2023-11-10,0, ,-7,-9,62,66,36,30,550,534,370,353
6,12,2023-11-10,1, ,18,-9,64,70,57,24,574,571,296,452
10,18,2023-11-10,1, ,3,-3,52,52,30,24,520,491,320,286
21,16,2023-11-11,1, ,15,18,52,58,30,27,604,448,310,385
1,27,2023-11-11,1, ,23,-6,64,50,45,30,463,762,270,341
0,15,2023-11-11,0, ,-8,-8,40,58,54,36,630,488,316,391
9,5,2023-11-11,0, ,-8,-10,48,52,39,33,464,462,367,342
18,6,2023-11-12,0, ,-12,-3,60,60,51,60,612,536,377,472
10,7,2023-11-12,1, ,3,12,54,66,30,27,559,491,281,313
12,14,2023-11-12,0, ,-4,-3,50,48,36,39,511,490,317,353
4,8,2023-11-12,1, ,11,-1,66,54,33,33,482,541,344,367
13,24,2023-11-12,1, ,6,23,74,64,12,39,604,569,351,211
19,3,2023-11-12,1, ,22,13,64,64,45,36,542,627,343,417
26,15,2023-11-12,0, ,-5,-18,46,54,57,36,466,489,387,432
2,29,2023-11-12,1, ,8,-2,50,46,36,30,489,510,244,245
0,20,2023-11-12,0, ,-12,5,46,60,27,30,545,426,370,310
9,17,2023-11-12,0, ,-6,3,50,68,36,27,618,472,333,279
22,11,2023-11-12,1, ,11,1,78,62,42,48,608,542,410,424
1,19,2023-11-13,1, ,16,-2,42,36,57,45,409,583,429,442
16,4,2023-11-13,1, ,9,0,54,48,45,42,414,643,333,319
27,29,2023-11-13,1, ,4,8,82,62,12,36,534,586,462,200
25,5,2023-11-13,1, ,12,0,58,58,60,48,518,707,457,476
2,21,2023-11-14,1, ,20,-3,54,40,57,48,556,587,348,487
28,24,2023-11-14,1, ,16,0,62,52,39,33,491,596,314,302
9,17,2023-11-14,0, ,-3,-4,48,44,39,42,468,490,412,333
8,0,2023-11-14,0, ,-6,-8,74,66,30,36,611,607,364,345
7,12,2023-11-14,1, ,3,4,62,48,24,39,421,620,448,348
3,15,2023-11-14,0, ,-6,-5,42,64,45,24,615,429,258,469
13,14,2023-11-14,1, ,27,9,50,38,66,60,358,543,377,629
18,6,2023-11-14,1, ,21,-1,70,48,42,42,500,625,333,368
20,26,2023-11-14,1, ,36,10,62,54,45,27,429,620,300,385
22,11,2023-11-14,0, ,-6,11,74,70,18,39,625,578,351,273
22,1,2023-11-15,0, ,-10,3,56,48,33,54,632,509,360,367
27,16,2023-11-15,0, ,-16,7,58,48,27,60,522,460,513,273
13,25,2023-11-15,0, ,-15,2,62,64,33,48,615,574,364,379
0,17,2023-11-15,1, ,18,-12,68,74,51,15,569,630,185,548
29,6,2023-11-15,0, ,-13,2,62,62,36,51,620,585,405,333
0,19,2023-11-15,0, ,-2,10,58,58,36,48,483,659,471,387
24,5,2023-11-15,0, ,-14,-2,42,66,39,27,733,396,300,342
4,21,2023-11-15,0, ,-2,-5,48,48,27,24,444,480,286,273
9,20,2023-11-16,0, ,-19,-6,52,50,42,57,455,456,594,341
15,2,2023-11-16,1, ,7,2,54,52,45,42,531,587,389,429
12,10,2023-11-17,1, ,6,7,46,56,39,30,491,469,323,382
3,16,2023-11-17,0, ,-31,9,62,54,18,66,614,477,489,231
26,25,2023-11-17,0, ,-9,0,56,56,45,54,651,500,429,417
28,0,2023-11-17,0, ,-3,3,54,54,48,54,509,551,545,444
18,7,2023-11-17,1, ,5,5,68,74,36,30,661,523,250,522
0,22,2023-11-17,0, ,-10,-3,56,60,36,39,517,500,433,364
4,21,2023-11-17,0, ,-6,1,50,54,30,33,600,500,324,345
27,1,2023-11-17,0, ,-3,1,60,52,36,48,565,556,348,364
5,8,2023-11-17,1, ,8,2,66,60,27,27,536,541,257,429
29,19,2023-11-17,0, ,-21,1,54,58,30,48,547,540,421,313
24,13,2023-11-17,0, ,-12,-2,52,56,30,36,538,500,414,270
9,20,2023-11-18,0, ,-7,-1,52,88,54,24,571,510,348,391
18,17,2023-11-18,0, ,-1,-2,64,60,36,39,612,561,419,414
3,19,2023-11-18,0, ,-14,-3,46,60,51,48,556,489,432,486
16,6,2023-11-18,1, ,7,10,64,70,51,48,625,653,340,378
4,15,2023-11-18,1, ,5,-5,40,42,48,36,512,556,333,356
26,14,2023-11-18,0, ,-12,-8,42,58,45,33,547,488,333,375
5,7,2023-11-19,1, ,12,3,68,50,33,42,472,618,483,407
11,21,2023-11-19,0, ,-12,-11,68,72,24,21,537,531,350,258
14,1,2023-11-19,0, ,-2,-11,40,46,51,36,500,392,387,386
27,8,2023-11-19,1, ,29,-8,82,60,42,27,526,621,346,389
6,25,2023-11-19,0, ,-16,3,58,62,36,51,620,537,425,353
13,10,2023-11-19,1, ,1,13,66,54,18,42,574,611,378,207
2,22,2023-11-19,0, ,-22,-5,54,56,33,48,475,509,457,393
24,20,2023-11-19,0, ,-43,0,50,54,27,66,600,490,611,265
28,0,2023-11-19,0, ,-3,4,66,64,45,54,561,478,400,326
17,19,2023-11-20,1, ,17,-3,60,46,33,27,426,652,237,324
3,1,2023-11-20,1, ,3,-2,66,52,39,48,553,508,320,333
4,15,2023-11-20,0, ,-18,-2,52,50,33,51,510,591,486,297
26,12,2023-11-20,0, ,-25,-11,58,66,30,36,559,558,333,263
18,25,2023-11-20,1, ,36,1,76,44,36,33,524,594,244,429
29,16,2023-11-20,0, ,-13,-12,90,88,30,33,677,643,379,345
8,7,2023-11-20,0, ,-4,8,58,58,21,33,492,483,393,333
9,10,2023-11-20,1, ,5,13,30,62,63,39,574,441,317,488
22,5,2023-11-21,0, ,-3,7,58,74,33,27,536,475,360,314
13,28,2023-11-21,1, ,32,10,76,54,33,33,500,667,250,379
0,24,2023-11-21,1, ,13,10,72,48,21,42,429,610,452,412
21,27,2023-11-21,1, ,19,-3,76,48,36,42,511,551,500,387
0,11,2023-11-21,0, ,-5,2,84,70,45,66,714,656,489,484
3,29,2023-11-22,1, ,3,0,54,66,48,33,508,500,344,432
1,16,2023-11-22,1, ,3,1,54,64,51,39,478,643,382,405
0,9,2023-11-22,1, ,8,25,46,66,33,30,569,479,313,393
26,12,2023-11-22,0, ,-7,-1,48,60,33,27,526,453,321,289
0,2,2023-11-22,1, ,2,7,66,80,54,45,513,493,429,367
17,22,2023-11-22,1, ,13,-8,66,54,30,21,491,524,219,385
10,14,2023-11-22,1, ,20,-13,52,40,42,21,400,531,219,326
11,27,2023-11-22,0, ,-1,-12,64,74,54,33,587,615,407,462
18,25,2023-11-22,1, ,5,-1,68,38,21,45,594,596,341,233
13,6,2023-11-22,0, ,-3,0,56,44,33,48,478,509,320,379
20,4,2023-11-22,1, ,14,14,52,34,33,51,386,565,386,379
21,7,2023-11-22,1, ,5,10,68,58,30,45,500,654,429,345
24,28,2023-11-22,1, ,16,-11,60,54,51,30,563,566,323,436
5,15,2023-11-22,0, ,-33,-7,44,52,42,60,491,468,571,467
16,29,2023-11-24,1, ,3,9,78,66,27,45,524,639,405,290
17,25,2023-11-24,0, ,-13,18,48,64,36,51,492,490,486,364
27,4,2023-11-24,1, ,13,8,62,60,39,36,545,705,444,333
10,7,2023-11-24,1, ,19,-2,56,50,36,21,391,528,233,414
21,1,2023-11-24,1, ,17,-11,64,48,33,21,511,561,241,393
9,26,2023-11-24,1, ,6,9,42,66,57,36,623,538,255,452
12,18,2023-11-24,0, ,-10,-9,62,66,33,30,516,564,417,297
19,15,2023-11-24,1, ,2,-8,58,48,30,30,480,558,270,345
14,0,2023-11-24,0, ,-21,-15,56,56,27,33,622,596,355,273
11,8,2023-11-24,1, ,23,2,66,72,48,21,500,516,389,421
20,22,2023-11-25,0, ,-4,-16,54,48,48,42,571,491,341,372
12,6,2023-11-25,1, ,19,12,60,50,24,27,472,508,237,276
2,15,2023-11-25,1, ,15,10,50,54,42,33,509,595,324,389
5,13,2023-11-25,0, ,-6,2,68,76,27,27,603,540,333,321
29,0,2023-11-25,0, ,-28,-2,66,68,30,54,523,660,486,263
28,18,2023-11-25,1, ,5,3,46,56,45,33,491,523,306,349
7,26,2023-11-26,1, ,12,-2,76,56,36,42,500,623,378,429
5,27,2023-11-26,1, ,3,-15,70,58,30,24,509,530,250,323
14,17,2023-11-26,0, ,-22,1,48,56,30,45,596,471,441,270
16,24,2023-11-26,1, ,6,9,42,48,42,39,407,447,406,333
21,3,2023-11-26,1, ,13,10,74,62,30,39,585,617,433,370
2,4,2023-11-26,1, ,9,-6,32,56,75,36,549,533,375,472
1,0,2023-11-26,1, ,10,4,58,34,39,57,486,604,358,277
19,0,2023-11-26,0, ,-3,7,54,52,36,48,491,474,421,414
12,7,2023-11-27,0, ,-9,13,58,68,18,30,486,446,455,300
11,24,2023-11-27,0, ,-4,-7,68,62,24,27,463,618,500,242
8,29,2023-11-27,0, ,-19,-13,70,70,24,30,583,547,345,211
28,18,2023-11-27,1, ,2,6,40,74,51,21,561,500,318,354
22,13,2023-11-27,1, ,44,13,50,64,66,21,582,532,250,478
19,3,2023-11-28,1, ,24,14,52,48,45,39,414,520,419,395
25,9,2023-11-28,1, ,1,1,52,46,45,51,548,553,415,341
15,16,2023-11-28,0, ,-7,-10,68,68,42,39,642,531,371,467
1,4,2023-11-28,1, ,27,-1,52,60,63,27,484,634,321,429
5,0,2023-11-28,1, ,23,-7,74,44,39,39,386,649,295,361
17,20,2023-11-28,1, ,3,8,38,52,42,33,433,422,367,424
6,10,2023-11-28,1, ,6,2,60,68,36,24,607,545,276,353
2,27,2023-11-28,1, ,12,10,54,52,39,39,400,529,361,342
21,29,2023-11-29,1, ,19,-7,68,60,51,33,517,596,379,630
27,0,2023-11-29,1, ,7,-4,64,62,30,21,456,485,269,370
25,12,2023-11-29,0, ,-14,7,54,72,39,42,554,600,500,317
8,13,2023-11-29,0, ,-26,-19,50,66,45,36,611,410,353,417
14,28,2023-11-29,1, ,14,-1,60,36,39,48,353,625,410,333
18,22,2023-11-29,1, ,10,14,64,56,30,42,596,667,412,333
7,10,2023-11-29,1, ,10,5,58,62,57,48,689,558,390,442
15,11,2023-11-30,1, ,10,17,80,78,24,33,709,615,256,381
4,16,2023-11-30,1, ,7,8,64,56,39,48,560,525,333,351
9,12,2023-11-30,1, ,6,5,52,60,45,36,476,605,375,385
20,13,2023-11-30,1, ,23,-8,72,50,42,33,521,692,333,333
26,0,2023-11-30,0, ,-2,-4,60,70,54,42,556,625,424,439
19,8,2023-11-30,1, ,6,9,50,56,48,45,609,532,429,390
5,24,2023-11-30,0, ,-8,1,62,50,21,42,595,544,400,219
2,3,2023-11-30,0, ,-1,-6,76,50,42,63,455,551,583,389
17,28,2023-11-30,1, ,11,-3,52,44,39,33,415,481,324,371
6,14,2023-12-01,0, ,-14,5,44,66,36,33,589,415,324,308
27,19,2023-12-01,0, ,-13,-1,76,58,18,48,537,559,444,188
21,29,2023-12-01,1, ,5,4,68,64,36,39,525,586,464,387
0,7,2023-12-01,0, ,-8,17,60,76,27,36,679,526,375,333
1,22,2023-12-01,1, ,6,14,46,54,48,48,458,523,457,485
18,26,2023-12-01,1, ,15,13,64,44,30,48,500,593,410,323
15,11,2023-12-02,0, ,-15,5,72,80,36,48,755,563,500,480
2,21,2023-12-02,1, ,28,1,64,52,42,27,441,561,310,412
12,9,2023-12-02,1, ,1,-7,62,42,39,51,488,608,395,333
4,18,2023-12-02,1, ,6,-17,62,66,51,24,579,646,320,425
13,10,2023-12-02,1, ,10,5,64,50,24,33,431,516,355,296
6,20,2023-12-02,0, ,-6,5,40,48,57,60,429,571,455,365
3,17,2023-12-02,0, ,-6,-9,64,64,36,33,604,485,355,480
16,0,2023-12-02,1, ,11,-4,78,60,42,45,476,696,395,424
28,24,2023-12-02,1, ,5,-5,78,50,21,39,455,650,325,206
8,5,2023-12-02,0, ,-9,3,62,68,24,30,576,585,333,267
25,7,2023-12-02,1, ,6,-2,64,86,48,18,581,492,240,471
0,14,2023-12-02,1, ,7,13,54,60,27,27,545,474,290,346
11,1,2023-12-04,1, ,10,9,48,68,57,36,607,444,293,475
25,18,2023-12-04,0, ,-10,8,48,66,42,42,589,545,452,341
13,0,2023-12-05,1, ,3,4,58,50,27,36,500,403,480,300
16,19,2023-12-05,1, ,24,-16,64,72,69,21,563,604,304,605
5,21,2023-12-06,1, ,10,-12,64,78,42,6,639,615,87,412
6,28,2023-12-06,1, ,50,-2,68,46,66,36,426,654,364,449
9,24,2023-12-06,1, ,4,16,52,46,30,48,469,500,348,294
8,14,2023-12-06,0, ,-14,-2,60,72,33,33,554,536,423,314
17,26,2023-12-06,1, ,8,8,48,60,36,24,462,511,222,300
29,22,2023-12-06,0, ,-5,-21,76,78,42,24,600,667,296,400
27,15,2023-12-06,0, ,-9,-1,46,54,42,42,529,469,368,378
4,3,2023-12-06,1, ,11,11,52,58,36,30,547,400,270,480
10,20,2023-12-06,1, ,9,-4,50,58,45,24,500,500,276,455
0,2,2023-12-06,0, ,-1,0,60,64,36,33,478,508,407,343
12,7,2023-12-06,1, ,9,11,56,58,36,36,433,467,387,444
13,18,2023-12-07,1, ,44,8,60,54,51,21,422,588,226,486
16,11,2023-12-07,0, ,-9,0,62,86,36,21,623,492,212,364
14,17,2023-12-08,0, ,-24,-10,44,58,45,45,580,431,395,429
26,4,2023-12-08,0, ,-9,3,44,68,51,39,459,537,464,405
21,8,2023-12-08,1, ,32,-2,78,56,30,18,549,619,200,385
28,12,2023-12-08,0, ,-14,2,58,56,27,45,519,547,441,290
20,9,2023-12-08,1, ,2,12,92,60,15,57,536,667,396,172
15,5,2023-12-08,0, ,-12,-7,44,52,45,42,531,500,368,357
22,0,2023-12-08,1, ,11,11,62,56,33,39,431,544,333,367
1,19,2023-12-08,1, ,10,-2,58,58,57,45,569,659,405,404
24,6,2023-12-08,0, ,-13,-3,42,70,54,36,673,404,308,340
3,27,2023-12-08,1, ,3,2,62,82,39,18,672,574,188,520
2,29,2023-12-08,1, ,27,-1,80,64,30,18,552,563,182,303
7,10,2023-12-08,0, ,-8,-11,56,44,30,39,512,452,333,357
0,25,2023-12-08,0, ,-8,-1,58,56,33,42,528,569,359,344
0,7,2023-12-11,0, ,-7,-6,54,70,51,36,593,519,414,386
16,4,2023-12-11,1, ,4,10,58,64,45,45,400,592,441,405
14,6,2023-12-11,0, ,-7,-4,46,52,54,51,565,511,425,409
18,17,2023-12-11,1, ,14,17,60,54,30,39,491,545,361,370
21,5,2023-12-11,1, ,10,-6,64,42,21,27,467,552,225,269
10,26,2023-12-11,1, ,11,2,40,52,36,15,565,370,122,308
3,15,2023-12-11,0, ,-2,-10,46,44,51,45,524,535,429,415
25,2,2023-12-11,1, ,13,-10,46,56,75,42,475,469,483,556
8,11,2023-12-11,0, ,-8,9,70,78,30,39,639,673,419,345
20,28,2023-12-11,1, ,14,-4,64,64,54,36,593,552,316,474
19,27,2023-12-11,1, ,6,-7,70,66,51,42,579,614,359,586
22,29,2023-12-11,1, ,45,2,64,54,60,27,500,653,290,435
12,24,2023-12-11,1, ,5,-1,72,48,39,57,480,655,475,382
12,25,2023-12-12,1, ,20,3,66,52,33,30,531,600,270,379
6,13,2023-12-12,1, ,2,6,46,68,63,45,548,500,517,488
0,9,2023-12-12,1, ,3,11,48,50,42,48,543,533,348,359
1,5,2023-12-12,1, ,7,20,40,50,54,57,532,500,422,409
4,7,2023-12-12,0, ,-8,-1,46,50,39,42,472,500,467,325
10,14,2023-12-13,1, ,13,3,54,50,36,30,568,500,263,375
27,0,2023-12-13,1, ,7,3,64,60,54,54,508,604,439,529
29,18,2023-12-13,0, ,-20,-7,46,68,57,48,548,605,471,432
28,19,2023-12-13,1, ,4,-7,54,64,48,27,582,482,231,381
0,2,2023-12-13,0, ,-4,4,62,52,27,45,542,554,366,321
26,13,2023-12-13,0, ,-3,3,58,70,48,42,625,492,400,432
8,22,2023-12-13,0, ,-18,-5,58,68,30,33,596,527,367,303
16,11,2023-12-13,1, ,14,12,82,68,21,33,531,661,306,259
15,3,2023-12-13,1, ,11,8,52,58,45,36,630,464,387,500
24,28,2023-12-14,0, ,-8,-1,54,76,48,33,644,466,333,356
15,4,2023-12-14,0, ,-8,7,44,62,45,42,544,478,389,441
6,17,2023-12-14,0, ,-18,-1,64,60,21,42,526,627,452,219
7,2,2023-12-14,1, ,23,3,70,62,36,24,477,556,267,333
1,5,2023-12-14,1, ,9,1,60,58,39,33,580,612,333,361
25,20,2023-12-14,1, ,5,-8,58,66,54,33,500,580,306,400
12,9,2023-12-14,1, ,8,9,56,48,39,48,511,571,356,406
27,0,2023-12-15,0, ,-21,9,60,72,30,48,600,652,390,323
3,18,2023-12-15,0, ,-5,-11,64,58,27,27,547,525,333,290
0,19,2023-12-15,0, ,-17,-7,72,64,33,51,604,581,586,393
26,13,2023-12-15,1, ,14,-1,58,64,54,33,604,547,306,429
29,11,2023-12-15,1, ,14,8,78,66,39,45,493,600,375,481
14,10,2023-12-15,0, ,-7,-17,52,42,33,33,356,500,379,275
1,21,2023-12-15,1, ,17,1,60,56,54,42,538,600,400,429
22,8,2023-12-15,1, ,32,10,54,62,42,12,517,443,190,378
25,28,2023-12-16,1, ,21,-5,48,52,66,36,531,600,324,489
17,11,2023-12-16,1, ,18,0,60,78,54,18,565,536,286,600
16,8,2023-12-16,1, ,32,5,62,74,57,18,544,674,214,452
24,6,2023-12-16,0, ,-11,0,80,64,21,48,640,645,340,219
5,0,2023-12-16,1, ,8,-9,66,52,48,45,531,559,417,381
3,22,2023-12-16,0, ,-53,-6,52,78,21,42,684,464,452,200
15,4,2023-12-16,1, ,2,-7,60,42,39,48,538,625,421,371
9,2,2023-12-16,1, ,4,6,54,56,51,51,560,458,395,531
12,19,2023-12-16,1, ,22,5,68,66,48,33,559,618,314,485
7,20,2023-12-16,0, ,-1,-4,60,72,36,21,571,492,333,375
16,10,2023-12-17,1, ,9,7,64,68,39,33,586,593,407,361
1,21,2023-12-17,1, ,17,-11,56,46,51,33,434,475,306,472
0,29,2023-12-17,1, ,4,7,68,50,21,42,510,576,304,226
24,9,2023-12-17,0, ,-4,8,54,66,39,39,673,540,342,371
26,18,2023-12-17,0, ,-36,1,50,66,45,66,589,481,524,357
0,8,2023-12-18,1, ,6,3,60,78,48,27,542,612,409,444
22,4,2023-12-18,0, ,-4,5,54,60,33,36,500,482,414,344
13,19,2023-12-18,0, ,-5,-8,58,64,39,30,552,500,333,317
7,6,2023-12-18,1, ,26,9,70,56,42,39,519,574,342,538
25,29,2023-12-18,1, ,12,-5,72,52,51,54,553,632,474,395
28,2,2023-12-18,1, ,17,7,62,46,42,48,451,544,410,412
5,10,2023-12-18,1, ,5,-2,56,70,57,36,507,571,364,396
20,14,2023-12-18,1, ,19,3,62,22,33,57,355,554,352,306
15,17,2023-12-18,0, ,-4,-2,60,62,33,33,554,526,379,367
27,3,2023-12-18,1, ,15,5,72,62,24,24,544,632,250,276
11,12,2023-12-18,0, ,-24,-3,74,74,36,57,617,597,500,364
9,1,2023-12-19,1, ,6,-3,60,60,60,51,536,508,293,400
18,14,2023-12-19,0, ,-2,-1,58,62,33,30,608,483,323,440
24,0,2023-12-19,1, ,5,2,50,74,42,15,521,424,217,500
16,26,2023-12-19,1, ,13,-4,64,74,54,27,561,561,300,367
25,1,2023-12-20,0, ,-25,-8,44,58,63,66,580,468,524,477
11,3,2023-12-20,1, ,31,13,62,74,54,24,578,756,258,462
10,0,2023-12-20,0, ,-7,0,56,60,48,51,588,509,425,471
22,17,2023-12-20,1, ,14,9,74,66,24,27,579,597,360,364
27,7,2023-12-20,0, ,-9,6,68,74,27,36,569,540,364,333
5,28,2023-12-20,1, ,8,-12,44,54,69,39,563,489,433,451
21,15,2023-12-20,0, ,-9,-5,64,50,27,45,463,604,517,250
6,12,2023-12-20,0, ,-9,-4,50,64,42,33,696,521,355,326
2,19,2023-12-20,0, ,-19,-7,44,62,45,39,500,407,394,319
4,13,2023-12-20,1, ,16,-2,60,60,54,36,526,556,324,529
16,21,2023-12-21,1, ,4,15,54,74,33,24,561,509,242,297
20,12,2023-12-21,1, ,19,6,70,54,48,51,540,660,395,471
14,11,2023-12-21,1, ,13,5,54,40,48,54,526,551,346,457
5,18,2023-12-21,0, ,-19,-9,48,64,51,45,627,558,429,386
17,13,2023-12-21,1, ,7,1,56,62,42,30,525,549,417,389
4,26,2023-12-21,1, ,19,-2,84,54,21,30,529,677,333,250
8,28,2023-12-21,0, ,-8,-6,68,64,27,33,500,618,367,290
24,29,2023-12-21,0, ,-1,-5,58,60,42,36,556,446,400,467
22,27,2023-12-22,1, ,10,-5,60,60,42,27,556,577,273,452
15,0,2023-12-22,1, ,9,15,46,46,51,57,548,489,352,436
10,6,2023-12-22,1, ,26,0,70,56,33,21,459,614,175,289
2,7,2023-12-22,0, ,-5,-3,60,68,39,33,557,536,423,394
9,29,2023-12-22,1, ,11,-2,58,66,54,33,532,558,314,400
25,0,2023-12-22,1, ,15,-2,64,68,36,15,540,711,200,316
25,17,2023-12-23,0, ,-12,4,58,68,24,30,630,558,303,242
4,5,2023-12-23,0, ,-14,-2,54,54,24,36,628,600,267,229
2,8,2023-12-23,1, ,11,4,70,48,30,45,545,565,429,417
3,7,2023-12-23,0, ,-7,7,52,54,24,36,450,433,400,286
0,14,2023-12-23,0, ,-6,2,64,78,39,33,609,604,333,302
12,1,2023-12-23,0, ,-37,-7,60,48,33,75,585,545,472,324
19,16,2023-12-23,0, ,-19,2,64,64,27,48,542,500,500,310
27,28,2023-12-23,0, ,-7,3,64,62,39,51,585,516,447,406
18,10,2023-12-23,0, ,-2,-7,60,52,24,27,491,588,310,258
11,21,2023-12-23,0, ,-7,-24,56,66,45,18,600,583,333,441
6,26,2023-12-23,1, ,25,0,58,60,69,42,566,527,311,511
9,24,2023-12-23,1, ,20,3,76,50,30,39,510,760,371,303
20,13,2023-12-23,0, ,-9,-4,66,62,39,48,534,611,500,317
7,9,2023-12-25,1, ,6,6,52,52,42,42,553,542,350,412
13,1,2023-12-25,0, ,-11,-5,60,66,39,39,673,517,310,406
19,16,2023-12-25,1, ,7,2,84,64,24,39,604,636,310,308
0,6,2023-12-25,0, ,-14,-2,52,58,42,48,725,531,364,341
15,22,2023-12-25,1, ,6,11,56,46,36,51,469,538,378,375
20,17,2023-12-26,1, ,23,-13,62,44,54,36,478,738,444,462
12,3,2023-12-26,1, ,9,7,52,74,42,18,578,510,207,412
10,11,2023-12-26,0, ,-6,0,84,48,15,57,615,575,442,208
18,14,2023-12-26,0, ,-1,-6,64,56,30,33,636,485,239,323
29,21,2023-12-26,0, ,-8,0,54,74,48,36,552,600,462,381
4,0,2023-12-26,1, ,5,9,70,56,21,39,636,522,289,280
26,28,2023-12-26,0, ,-12,-6,56,62,48,48,596,444,372,457
24,25,2023-12-26,1, ,17,3,66,70,48,30,686,569,238,400
8,2,2023-12-26,0, ,-6,-4,62,64,27,27,533,477,409,360
6,5,2023-12-27,0, ,-3,6,58,46,30,51,469,569,395,270
10,0,2023-12-27,0, ,-16,-5,46,66,51,42,673,418,424,415
20,19,2023-12-27,1, ,9,-7,70,54,42,42,563,603,412,438
29,27,2023-12-27,0, ,-30,-3,68,74,24,45,698,596,395,242
2,16,2023-12-27,0, ,-22,8,76,58,21,69,763,551,451,219
21,22,2023-12-27,0, ,-20,9,44,70,27,30,515,478,357,273
1,8,2023-12-28,1, ,6,9,74,68,33,42,586,617,326,282
7,14,2023-12-28,1, ,37,-6,70,48,60,39,444,636,371,488
4,11,2023-12-28,0, ,-16,2,66,48,21,57,558,471,452,259
17,6,2023-12-28,1, ,8,9,42,52,51,42,456,512,424,515
18,28,2023-12-28,1, ,7,-9,70,48,30,36,522,636,308,370
24,26,2023-12-28,0, ,-13,-2,48,62,33,30,633,369,278,306
13,3,2023-12-28,1, ,21,-3,74,50,45,45,481,552,455,500
9,15,2023-12-28,0, ,-12,4,58,68,24,30,567,527,323,242
29,2,2023-12-29,1, ,6,-14,62,60,45,27,476,585,321,395
0,3,2023-12-29,1, ,14,15,56,42,54,69,457,636,500,600
10,22,2023-12-29,0, ,-4,-14,70,66,42,36,623,574,364,467
0,25,2023-12-29,0, ,-7,13,44,58,45,51,659,431,378,349
1,27,2023-12-29,1, ,2,4,52,54,51,51,529,531,386,436
5,16,2023-12-29,0, ,-8,-18,86,58,18,36,569,717,414,140
12,14,2023-12-29,1, ,11,3,64,50,33,39,532,667,325,282
24,26,2023-12-29,1, ,6,4,64,68,48,42,557,471,424,593
21,19,2023-12-29,1, ,9,4,66,64,21,18,571,589,200,212
7,20,2023-12-29,0, ,-26,-4,52,68,30,36,607,542,343,270
17,13,2023-12-30,1, ,2,-5,52,60,36,21,469,619,292,353
8,27,2023-12-30,1, ,2,12,58,68,36,36,507,537,500,429
28,15,2023-12-30,1, ,8,-12,64,50,33,27,532,615,290,268
9,6,2023-12-30,0, ,-10,-9,56,66,57,48,688,509,400,396
11,19,2023-12-30,1, ,14,-2,54,56,69,51,483,643,459,535
4,22,2023-12-30,1, ,13,7,66,54,21,27,500,611,237,280
20,2,2023-12-31,1, ,16,-4,54,52,54,36,481,540,261,545
26,1,2023-12-31,0, ,-33,-8,56,72,36,45,679,571,357,267
18,13,2023-12-31,1, ,20,1,56,58,51,30,580,528,313,500
14,25,2023-12-31,0, ,-31,7,36,62,36,48,525,429,485,300
0,21,2023-12-31,1, ,5,5,72,60,24,36,566,590,324,296
29,0,2023-12-31,0, ,-4,-7,58,70,51,36,556,644,375,321
10,8,2024-01-01,1, ,23,-1,72,54,45,39,500,643,448,429
27,5,2024-01-01,1, ,3,6,62,62,33,36,585,544,333,367
0,24,2024-01-01,1, ,21,8,54,50,33,24,500,529,267,379
19,17,2024-01-01,1, ,6,-1,54,50,36,33,521,491,393,353
16,11,2024-01-01,0, ,-9,-10,62,76,30,15,613,585,143,250
12,15,2024-01-01,1, ,17,-10,66,48,42,33,490,647,324,483
28,6,2024-01-01,1, ,37,12,74,52,36,33,491,712,275,273
7,3,2024-01-01,1, ,18,3,52,52,45,30,433,578,385,395
18,2,2024-01-02,1, ,27,10,50,48,48,33,436,510,256,410
9,21,2024-01-02,1, ,6,5,58,54,39,42,482,674,389,371
22,4,2024-01-02,1, ,13,6,52,60,36,21,508,520,189,400
25,3,2024-01-02,0, ,-7,-5,52,60,42,36,625,464,353,389
20,1,2024-01-02,1, ,4,-11,60,54,54,45,519,588,375,450
14,26,2024-01-02,1, ,8,4,50,52,36,30,481,595,323,316
10,2,2024-01-03,1, ,11,3,36,46,57,39,469,486,295,487
0,12,2024-01-03,0, ,-9,-6,54,48,45,54,571,614,529,429
25,21,2024-01-03,1, ,3,-1,72,38,45,75,413,554,568,375
14,27,2024-01-03,0, ,-5,-6,50,58,45,36,492,481,462,357
19,4,2024-01-03,1, ,16,-4,62,48,45,39,421,608,406,395
11,16,2024-01-03,1, ,12,4,72,64,42,42,582,655,378,400
0,20,2024-01-03,1, ,3,11,68,64,42,54,582,607,500,359
13,15,2024-01-03,0, ,-14,10,62,50,12,48,490,585,381,133
6,24,2024-01-03,1, ,29,13,58,42,39,39,447,537,325,433
28,8,2024-01-03,1, ,6,15,74,74,48,57,578,521,463,500
17,18,2024-01-03,0, ,-11,7,54,66,30,36,600,529,462,323
5,29,2024-01-03,1, ,39,7,68,60,60,36,455,576,343,476
26,16,2024-01-04,0, ,-4,0,64,74,42,36,638,582,353,350
9,7,2024-01-04,0, ,-3,-11,68,78,45,27,661,630,346,417
7,21,2024-01-05,0, ,-2,-8,78,48,27,51,522,629,472,273
10,17,2024-01-05,0, ,-27,-5,48,64,36,42,582,414,424,375
6,24,2024-01-05,1, ,36,-2,78,52,51,39,473,672,325,447
2,20,2024-01-05,1, ,9,12,54,72,42,27,679,519,290,359
22,19,2024-01-05,0, ,-36,-4,54,50,18,54,521,466,439,261
11,0,2024-01-05,1, ,34,-15,82,60,57,30,588,745,238,487
18,12,2024-01-05,0, ,-16,1,42,50,36,45,543,333,417,414
13,14,2024-01-05,0, ,-14,3,64,42,30,69,568,561,511,357
4,3,2024-01-05,1, ,13,5,60,52,30,30,473,652,294,357
9,8,2024-01-05,1, ,4,13,44,62,48,39,574,500,295,421
0,15,2024-01-05,1, ,16,-8,60,48,42,30,522,577,270,400
25,27,2024-01-05,1, ,5,-13,62,68,63,39,680,500,351,553
5,29,2024-01-05,1, ,24,5,50,52,48,27,481,568,300,485
1,28,2024-01-05,1, ,29,8,44,56,51,18,467,537,176,347
10,16,2024-01-06,1, ,4,-2,46,52,39,27,619,469,265,382
29,19,2024-01-06,0, ,-16,-9,54,58,39,42,569,563,389,351
11,1,2024-01-06,0, ,-17,7,60,60,24,48,612,600,390,190
22,28,2024-01-06,0, ,-11,-2,70,76,21,24,760,530,267,184
6,17,2024-01-07,1, ,7,1,56,56,45,39,528,509,317,375
13,12,2024-01-07,1, ,3,-6,62,44,33,42,407,585,378,379
5,26,2024-01-07,1, ,2,-4,54,54,48,42,551,600,378,372
21,0,2024-01-07,1, ,7,-3,52,66,51,27,541,456,300,415
0,14,2024-01-07,0, ,-6,-3,76,52,24,51,542,514,347,286
9,27,2024-01-07,0, ,-15,6,62,80,42,45,656,574,455,304
2,24,2024-01-07,0, ,-7,-3,64,50,42,60,439,593,526,378
7,8,2024-01-07,1, ,17,6,74,66,30,27,508,698,375,370
25,18,2024-01-07,0, ,-33,-5,46,62,45,57,660,500,543,333
29,20,2024-01-08,0, ,-8,7,58,76,45,42,633,509,500,469
16,28,2024-01-08,0, ,-16,-3,50,54,51,60,587,431,455,472
3,4,2024-01-08,0, ,-7,-5,46,72,51,27,545,442,346,405
11,1,2024-01-08,1, ,2,-2,58,60,57,51,545,569,486,475
12,0,2024-01-08,1, ,27,-8,76,56,45,30,596,679,333,517
15,10,2024-01-08,1, ,7,-2,52,46,45,42,489,565,341,417
13,27,2024-01-09,1, ,1,20,56,72,48,51,610,622,486,444
8,25,2024-01-09,0, ,-21,6,52,82,42,39,672,542,394,378
6,14,2024-01-09,0, ,-17,4,54,60,27,42,556,491,378,333
21,17,2024-01-09,0, ,-21,-4,42,62,39,36,620,404,400,310
19,24,2024-01-09,1, ,28,8,38,54,54,18,474,463,207,375
4,10,2024-01-10,1, ,5,9,46,74,57,33,661,479,244,404
0,22,2024-01-10,1, ,7,3,72,68,36,36,500,529,353,353
3,25,2024-01-10,0, ,-25,-6,38,66,48,39,611,388,371,421
1,17,2024-01-10,1, ,7,12,40,60,57,42,492,465,412,404
12,27,2024-01-10,1, ,6,-3,68,68,45,36,630,576,400,441
8,26,2024-01-10,0, ,-22,-13,68,80,30,27,597,531,333,313
15,20,2024-01-10,0, ,-8,11,52,74,45,42,698,491,424,417
28,7,2024-01-10,1, ,13,-5,66,48,39,39,500,660,394,394
9,18,2024-01-10,0, ,-36,1,54,70,36,57,648,540,475,308
11,29,2024-01-10,1, ,8,1,66,62,24,21,544,493,226,320
20,24,2024-01-11,1, ,62,9,78,34,42,33,327,672,224,400
13,0,2024-01-11,0, ,-18,-5,54,64,39,42,593,587,359,382
6,19,2024-01-11,1, ,4,1,54,60,51,42,638,574,333,415
16,1,2024-01-11,1, ,33,-12,68,50,54,27,446,680,257,429
5,2,2024-01-11,1, ,9,14,38,58,39,24,527,500,296,295
22,25,2024-01-12,1, ,19,-4,50,48,45,24,421,431,211,429
28,27,2024-01-12,1, ,32,-6,62,36,63,51,383,620,500,488
7,18,2024-01-12,1, ,12,-5,72,58,42,39,518,632,394,424
4,9,2024-01-12,0, ,-9,-9,64,58,54,60,617,696,426,450
0,11,2024-01-12,0, ,-18,8,58,84,33,33,689,492,611,367
14,12,2024-01-12,0, ,-9,4,46,68,54,45,586,451,484,409
8,10,2024-01-12,0, ,-2,-12,64,66,36,24,550,604,267,343
26,3,2024-01-12,1, ,36,2,54,44,54,30,400,551,294,474
17,24,2024-01-12,1, ,23,-6,66,40,33,30,408,673,357,355
15,21,2024-01-12,1, ,3,5,58,48,24,36,571,509,300,308
1,10,2024-01-13,1, ,32,-7,54,66,72,21,478,563,233,511
14,19,2024-01-13,0, ,-12,0,54,54,27,39,600,551,342,237
20,21,2024-01-13,1, ,12,3,70,64,24,21,653,603,200,222
28,13,2024-01-13,1, ,7,16,60,66,36,39,524,536,448,324
16,9,2024-01-13,1, ,11,5,76,64,39,45,516,603,417,419
26,4,2024-01-13,0, ,-6,5,42,62,54,45,554,429,441,391
6,18,2024-01-13,0, ,-10,-9,44,54,45,36,551,537,400,366
0,29,2024-01-13,0, ,-28,3,42,70,33,36,538,396,375,275
24,0,2024-01-14,0, ,-11,-6,40,66,60,39,688,426,464,476
7,11,2024-01-14,1, ,8,0,72,70,30,24,556,706,276,500
15,3,2024-01-14,1, ,17,2,58,46,33,30,426,518,244,440
16,25,2024-01-14,1, ,1,12,56,76,60,51,594,571,415,465
17,12,2024-01-14,1, ,4,4,50,38,39,51,432,610,436,500
28,11,2024-01-15,1, ,27,11,68,58,33,27,453,607,290,440
29,8,2024-01-15,0, ,-12,-7,50,76,57,36,644,463,387,463
22,10,2024-01-15,1, ,9,10,50,72,45,24,590,481,296,484
19,21,2024-01-15,0, ,-4,1,40,60,39,24,536,465,276,325
13,20,2024-01-15,1, ,7,6,72,50,24,45,532,600,306,333
27,1,2024-01-15,0, ,-9,-7,68,34,12,48,395,540,410,125
2,15,2024-01-15,0, ,-1,-7,44,50,36,24,446,500,258,218
0,26,2024-01-15,1, ,10,4,54,54,39,33,509,491,262,342
14,9,2024-01-15,1, ,9,23,24,68,60,30,576,375,323,370
5,4,2024-01-15,1, ,18,-1,38,52,60,27,510,500,281,351
6,18,2024-01-15,1, ,5,-2,42,68,54,21,586,500,304,419
12,20,2024-01-16,1, ,11,-3,54,52,60,48,531,614,471,465
22,7,2024-01-16,1, ,5,6,56,66,45,36,550,622,414,484
0,25,2024-01-16,1, ,2,11,50,56,51,54,538,521,450,459
5,16,2024-01-17,1, ,40,6,86,52,36,36,491,662,286,429
8,17,2024-01-17,0, ,-7,-2,68,64,36,45,508,586,500,387
1,26,2024-01-17,1, ,19,2,48,64,54,21,542,462,206,474
27,15,2024-01-17,1, ,24,2,50,70,60,18,565,500,214,526
0,21,2024-01-17,1, ,2,4,62,58,24,30,547,608,286,320
18,3,2024-01-17,1, ,20,4,38,40,75,57,444,463,422,532
13,6,2024-01-17,1, ,17,2,74,62,36,33,608,587,275,429
24,2,2024-01-17,1, ,2,-6,66,40,27,45,571,559,395,333
19,10,2024-01-17,1, ,15,2,52,54,39,24,500,520,267,351
19,29,2024-01-18,1, ,4,5,52,62,39,30,525,542,323,342
25,11,2024-01-18,0, ,-5,3,58,72,45,39,643,604,394,405
28,20,2024-01-18,0, ,-5,6,60,68,39,42,630,526,438,406
27,4,2024-01-18,0, ,-6,2,64,84,30,18,627,711,250,263
17,14,2024-01-18,1, ,15,5,66,50,36,42,490,611,412,429
15,0,2024-01-19,0, ,-1,6,52,50,36,45,481,510,429,387
1,7,2024-01-19,0, ,-2,0,48,68,42,24,680,533,258,318
3,26,2024-01-19,1, ,4,3,62,64,48,45,615,564,469,552
21,22,2024-01-19,0, ,-15,-2,54,58,30,39,509,491,433,435
18,0,2024-01-19,0, ,-14,1,62,62,30,45,596,608,366,238
13,2,2024-01-19,0, ,-18,9,56,62,36,57,646,491,404,364
24,11,2024-01-19,1, ,3,13,76,38,12,60,432,528,426,333
0,5,2024-01-20,0, ,-21,-4,52,54,33,48,643,473,372,289
3,22,2024-01-20,0, ,-8,-10,52,62,27,15,517,542,200,243
17,20,2024-01-20,0, ,-5,-9,34,48,42,24,421,447,333,378
8,16,2024-01-20,0, ,-6,-9,46,70,63,36,660,404,375,568
10,28,2024-01-20,1, ,1,-3,74,70,39,39,565,474,302,333
29,26,2024-01-20,0, ,-4,3,80,78,27,36,600,541,387,310
4,14,2024-01-20,1, ,29,-2,66,38,42,39,576,569,310,424
19,27,2024-01-20,1, ,26,3,68,54,42,33,466,694,324,359
10,1,2024-01-21,0, ,-9,2,62,52,30,51,510,525,362,286
21,15,2024-01-21,1, ,18,7,56,36,27,36,419,560,324,321
0,11,2024-01-21,1, ,7,1,78,54,24,42,429,684,452,320
13,24,2024-01-21,1, ,24,10,68,66,39,27,541,642,310,394
12,2,2024-01-21,1, ,11,16,58,60,39,42,588,509,359,500
29,7,2024-01-21,0, ,-9,-1,62,70,24,24,530,484,364,296
17,3,2024-01-22,0, ,-3,5,52,72,54,42,706,605,378,439
0,4,2024-01-22,1, ,2,4,60,62,42,42,554,588,378,412
6,1,2024-01-22,0, ,-9,-12,58,52,42,45,619,509,326,350
21,5,2024-01-22,0, ,-27,4,46,50,33,60,595,511,526,379
22,26,2024-01-22,1, ,10,8,86,60,15,39,577,558,317,250
25,0,2024-01-22,1, ,15,3,62,44,36,42,415,564,350,316
27,14,2024-01-22,0, ,-8,15,54,62,24,39,508,482,382,348
8,16,2024-01-22,0, ,-9,-5,60,64,30,30,582,508,256,333
12,13,2024-01-23,1, ,11,-6,76,68,42,33,567,623,344,519
20,24,2024-01-23,1, ,2,1,72,38,21,54,404,545,462,304
11,7,2024-01-23,0, ,-5,3,76,66,15,33,600,576,333,238
2,19,2024-01-23,0, ,-5,-14,54,60,45,30,526,509,345,357
18,28,2024-01-23,1, ,29,-16,74,62,69,36,554,638,333,500
10,24,2024-01-24,0, ,-6,-3,76,70,36,45,556,655,429,333
9,0,2024-01-24,1, ,22,-4,70,50,48,42,490,603,326,485
16,5,2024-01-24,1, ,10,14,68,66,33,39,623,557,342,379
6,0,2024-01-24,0, ,-23,-6,48,74,51,42,725,522,412,395
29,17,2024-01-24,0, ,-11,-2,54,66,30,27,485,509,281,417
8,3,2024-01-24,1, ,7,-3,56,46,45,45,469,583,395,395
26,20,2024-01-24,0, ,-26,5,68,72,27,54,643,630,450,281
15,14,2024-01-24,0, ,-9,3,44,38,33,51,432,458,472,324
2,17,2024-01-25,0, ,-2,2,50,54,30,30,500,568,476,303
9,25,2024-01-25,0, ,-1,2,58,52,57,66,605,592,458,514
13,4,2024-01-25,1, ,9,-11,66,70,60,36,686,589,324,645
15,1,2024-01-25,0, ,-33,-9,52,58,48,66,725,500,550,381
11,22,2024-01-25,1, ,12,-15,82,70,36,21,603,631,241,429
19,7,2024-01-25,1, ,38,6,60,58,45,15,500,638,192,395
29,28,2024-01-25,0, ,-15,5,72,74,21,39,561,621,419,233
11,0,2024-01-26,1, ,2,-7,100,76,24,39,644,602,433,308
3,10,2024-01-26,0, ,-34,0,52,74,27,39,661,464,394,310
14,21,2024-01-26,1, ,1,-13,54,58,45,27,617,551,265,366
0,6,2024-01-26,0, ,-5,-1,72,64,45,57,640,571,543,441
26,24,2024-01-26,1, ,16,8,64,56,30,30,528,552,270,294
18,20,2024-01-26,0, ,-24,-3,46,64,27,30,582,500,303,250
27,12,2024-01-26,0, ,-20,-9,76,78,18,27,619,594,281,188
16,5,2024-01-26,0, ,-12,-5,44,48,39,42,429,415,389,382
6,25,2024-01-27,0, ,-5,-10,54,64,48,33,640,519,367,348
9,13,2024-01-27,0, ,-1,-27,64,80,69,27,541,525,333,397
2,10,2024-01-27,1, ,2,2,48,54,36,30,474,600,270,353
8,29,2024-01-27,0, ,-14,4,56,68,27,33,515,528,324,281
16,18,2024-01-27,1, ,24,-9,62,62,60,27,500,674,391,444
1,12,2024-01-27,0, ,-19,-1,52,70,30,30,565,433,250,250
3,28,2024-01-27,0, ,-12,2,68,70,39,51,673,567,415,406
26,17,2024-01-27,1, ,1,0,66,62,39,42,585,611,538,433
19,15,2024-01-27,1, ,16,5,56,54,51,42,529,519,378,515
7,22,2024-01-27,1, ,6,11,48,74,39,18,627,533,273,351
0,27,2024-01-28,1, ,1,4,76,52,18,45,448,559,484,222
24,4,2024-01-28,0, ,-8,14,52,68,18,24,586,565,250,182
8,20,2024-01-28,1, ,16,7,72,72,33,24,563,522,286,423
11,14,2024-01-28,1, ,6,-8,62,54,39,33,519,564,367,371
21,0,2024-01-28,1, ,15,7,58,74,36,12,627,518,286,333
1,18,2024-01-29,1, ,6,5,52,72,51,30,643,667,286,370
6,21,2024-01-29,1, ,2,11,60,54,39,54,540,714,474,481
3,19,2024-01-29,0, ,-21,-6,52,64,33,36,681,531,324,344
14,25,2024-01-29,0, ,-9,15,34,64,39,33,696,386,289,361
5,12,2024-01-29,1, ,10,0,58,54,39,33,587,630,324,325
24,22,2024-01-29,1, ,26,1,68,64,36,15,593,607,172,429
15,0,2024-01-29,0, ,-13,13,38,64,42,42,593,396,350,389
7,16,2024-01-29,1, ,6,2,80,40,12,48,455,548,400,222
26,29,2024-01-29,0, ,-5,-2,62,74,36,27,607,500,360,400
10,13,2024-01-29,1, ,16,3,80,64,36,39,571,645,371,333
20,17,2024-01-29,0, ,-6,4,42,52,42,42,481,477,483,400
2,28,2024-01-29,1, ,33,-9,66,60,63,27,508,550,333,467
19,28,2024-01-30,1, ,15,4,62,54,39,36,540,517,333,382
1,11,2024-01-30,1, ,5,6,60,76,51,36,551,588,308,472
4,27,2024-01-30,0, ,-11,2,54,58,33,42,537,628,483,344
0,13,2024-01-30,1, ,16,2,74,72,48,36,632,587,364,421
9,22,2024-01-30,1, ,12,1,60,52,42,39,473,638,433,438
3,4,2024-01-31,0, ,-7,-2,48,68,48,33,586,545,379,348
20,7,2024-01-31,1, ,5,9,52,44,33,45,393,426,405,423
29,12,2024-01-31,0, ,-16,-9,72,70,27,36,500,529,400,310
15,25,2024-01-31,1, ,9,6,58,58,39,36,547,518,300,464
24,16,2024-01-31,1, ,3,-4,74,64,36,39,681,578,289,429
5,8,2024-01-31,1, ,7,7,70,58,36,48,580,648,516,343
17,6,2024-01-31,1, ,34,-1,64,50,39,18,532,640,207,433
26,21,2024-01-31,0, ,-10,-2,54,68,27,21,515,551,350,290
10,18,2024-01-31,0, ,-11,-1,44,60,39,33,625,512,324,295
2,0,2024-01-31,0, ,-16,-14,62,70,48,42,686,564,500,410
14,5,2024-02-01,0, ,-7,3,50,54,36,42,529,481,400,316
1,13,2024-02-01,0, ,-9,-12,50,38,48,57,328,510,528,333
28,22,2024-02-01,0, ,-3,3,66,66,36,42,532,647,438,333
19,11,2024-02-01,1, ,4,11,66,58,24,39,483,508,394,211
0,0,2024-02-02,1, ,9,2,64,66,51,42,647,627,378,386
26,18,2024-02-02,0, ,-1,-4,72,78,30,21,565,632,269,256
7,24,2024-02-02,1, ,12,-8,68,54,36,30,519,618,357,333
17,21,2024-02-02,0, ,-2,-3,52,60,36,27,500,591,360,316
14,9,2024-02-02,0, ,-20,-1,42,70,42,33,648,512,379,304
29,15,2024-02-02,0, ,-8,-10,52,62,33,21,544,542,226,262
11,25,2024-02-02,0, ,-11,2,72,76,30,39,679,643,382,345
20,3,2024-02-02,1, ,20,11,54,54,51,42,443,692,452,472
10,27,2024-02-02,1, ,29,-1,88,58,33,33,500,710,333,355
8,12,2024-02-02,0, ,-11,2,56,78,51,42,650,571,483,425
0,9,2024-02-03,1, ,7,1,82,64,42,54,571,577,321,326
6,16,2024-02-03,0, ,-12,4,48,76,48,36,655,571,400,410
19,13,2024-02-03,0, ,-8,-10,62,54,30,36,551,477,387,286
22,2,2024-02-03,0, ,-15,3,64,58,36,60,659,478,392,414
4,25,2024-02-03,0, ,-8,-4,62,54,33,45,600,544,385,324
26,5,2024-02-03,0, ,-16,5,48,66,36,39,623,414,295,300
20,27,2024-02-04,1, ,8,-9,58,68,69,42,515,617,400,365
17,10,2024-02-04,1, ,21,2,58,42,33,30,362,483,333,367
15,12,2024-02-04,0, ,-8,-8,60,36,24,48,474,492,410,267
1,14,2024-02-04,1, ,40,6,58,48,57,33,444,604,289,373
8,21,2024-02-04,0, ,-12,8,56,70,24,30,583,571,417,258
3,11,2024-02-04,0, ,-16,7,54,68,24,33,576,458,333,276
29,0,2024-02-04,0, ,-28,-10,80,86,21,33,683,625,440,219
7,24,2024-02-04,1, ,9,2,60,56,36,33,519,517,355,429
28,16,2024-02-04,1, ,15,5,52,48,51,45,558,578,366,386
3,13,2024-02-05,0, ,-6,-5,68,84,39,24,764,531,235,406
5,25,2024-02-05,1, ,26,4,56,52,69,51,531,596,386,561
2,9,2024-02-05,0, ,-11,-2,42,78,39,12,549,447,182,310
18,27,2024-02-05,1, ,38,3,68,60,57,30,566,576,323,422
22,6,2024-02-05,0, ,-16,-3,64,50,24,51,568,500,395,276
0,12,2024-02-05,0, ,-5,-2,62,62,60,63,574,554,600,513
4,17,2024-02-06,1, ,6,8,66,44,36,60,468,524,444,400
2,6,2024-02-06,0, ,-12,5,58,54,36,57,563,500,442,364
0,16,2024-02-06,1, ,8,3,72,52,24,39,520,610,325,286
19,14,2024-02-06,1, ,10,6,74,40,33,63,465,627,568,407
28,20,2024-02-06,1, ,7,6,64,48,42,57,453,593,514,400
15,21,2024-02-06,1, ,26,-1,68,50,39,30,556,667,286,361
11,10,2024-02-06,1, ,3,-8,78,76,45,36,528,722,480,469
1,0,2024-02-07,1, ,8,-8,64,60,51,39,492,727,317,347
29,5,2024-02-07,0, ,-8,-10,52,62,48,36,585,481,343,400
25,8,2024-02-07,0, ,-13,-7,60,60,45,51,566,588,548,341
15,26,2024-02-07,1, ,12,8,62,58,36,36,547,633,324,316
3,27,2024-02-07,0, ,-6,-7,56,52,48,51,542,549,515,410
22,9,2024-02-07,0, ,-23,-3,66,62,24,48,554,500,421,250
12,18,2024-02-07,0, ,-11,11,48,70,36,36,625,522,375,375
0,28,2024-02-08,1, ,14,-10,76,58,42,36,492,644,343,483
2,5,2024-02-08,0, ,-23,-6,54,56,30,45,651,397,405,400
11,9,2024-02-08,0, ,-22,9,54,70,36,51,574,540,531,387
19,6,2024-02-08,0, ,-14,-8,56,50,42,54,625,491,429,378
14,4,2024-02-08,0, ,-8,-12,48,62,54,36,585,533,462,391
13,7,2024-02-08,0, ,-8,10,66,66,24,42,508,516,438,320
16,17,2024-02-08,0, ,-24,-1,52,54,42,63,587,542,512,424
21,26,2024-02-08,1, ,16,-3,66,62,48,33,674,600,314,593
24,8,2024-02-08,0, ,-6,7,60,58,33,48,439,508,593,367
13,18,2024-02-09,1, ,17,8,70,70,42,33,583,614,379,452
16,3,2024-02-09,1, ,36,-3,46,40,54,21,400,548,241,346
1,29,2024-02-09,1, ,4,7,74,50,33,60,521,638,426,324
27,10,2024-02-09,1, ,3,4,60,46,30,45,489,484,395,303
22,0,2024-02-09,0, ,-6,-5,54,52,45,48,578,509,444,333
25,7,2024-02-09,1, ,29,-4,68,56,51,30,528,642,345,500
27,5,2024-02-10,0, ,-24,7,52,68,27,42,667,464,341,290
9,0,2024-02-10,1, ,1,-9,56,64,51,33,533,467,324,415
29,22,2024-02-10,0, ,-6,1,58,80,39,24,548,569,296,371
24,18,2024-02-10,0, ,-9,1,54,52,18,30,531,491,370,286
2,26,2024-02-10,1, ,20,-12,64,50,51,33,439,604,324,500
21,4,2024-02-10,1, ,6,9,56,62,39,36,500,571,324,333
0,10,2024-02-10,1, ,9,16,52,62,42,39,544,553,302,341
3,14,2024-02-10,1, ,9,1,62,54,48,48,563,608,364,516
12,8,2024-02-10,1, ,6,18,48,72,39,27,500,558,300,333
19,11,2024-02-10,0, ,-14,10,60,72,30,42,679,577,483,313
6,20,2024-02-10,1, ,35,7,76,42,45,51,412,717,362,395
15,1,2024-02-11,0, ,-4,2,56,50,36,48,595,491,410,300
20,25,2024-02-11,1, ,14,13,66,56,39,48,583,569,381,481
12,17,2024-02-12,0, ,-21,5,50,70,27,33,673,446,324,321
5,22,2024-02-12,0, ,-2,4,62,74,39,33,597,564,423,351
3,11,2024-02-12,1, ,9,3,68,68,30,24,642,708,267,294
0,4,2024-02-12,0, ,-10,3,60,76,42,39,594,588,464,326
28,9,2024-02-12,0, ,-22,1,60,56,33,60,500,500,455,344
27,26,2024-02-12,0, ,-23,-6,62,70,24,33,614,463,367,258
16,7,2024-02-12,1, ,17,0,52,50,48,33,463,520,275,471
6,29,2024-02-12,1, ,8,8,68,74,27,21,500,567,219,250
10,19,2024-02-12,1, ,2,16,52,60,30,36,536,481,333,385
14,18,2024-02-12,0, ,-9,-12,44,38,36,39,442,595,371,273
21,20,2024-02-13,0, ,-14,-2,60,66,33,39,635,545,406,306
2,1,2024-02-13,0, ,-8,0,48,56,45,45,609,522,405,455
24,17,2024-02-13,0, ,-12,-10,56,52,33,39,510,483,394,379
16,15,2024-02-13,0, ,-26,-4,48,52,39,57,553,545,475,333
0,25,2024-02-13,1, ,5,11,62,80,39,27,625,574,290,419
13,8,2024-02-13,1, ,14,12,58,74,42,24,463,592,286,400
0,8,2024-02-14,1, ,16,22,50,56,30,30,452,543,270,323
28,13,2024-02-14,0, ,-16,-10,70,76,42,42,633,625,452,311
21,19,2024-02-14,1, ,18,-9,72,48,36,33,436,720,379,462
6,26,2024-02-14,1, ,23,-4,76,52,33,30,433,613,250,367
14,10,2024-02-14,1, ,8,10,48,62,45,33,470,545,306,429
5,4,2024-02-14,1, ,3,1,56,48,36,42,480,609,424,324
22,15,2024-02-14,0, ,-5,-2,62,62,30,33,585,608,314,286
3,0,2024-02-14,1, ,23,1,58,54,45,27,529,558,237,405
1,2,2024-02-14,1, ,50,-4,60,42,66,30,420,652,323,489
27,11,2024-02-14,0, ,-2,3,88,60,18,51,536,611,415,231
9,12,2024-02-14,0, ,-5,-16,58,62,54,39,620,518,342,383
18,29,2024-02-14,1, ,7,6,80,46,30,63,489,702,467,313
7,25,2024-02-14,0, ,-4,4,52,60,27,27,536,413,273,346
14,16,2024-02-15,1, ,3,-3,62,62,39,33,674,544,250,500
28,9,2024-02-15,0, ,-3,7,42,58,66,60,580,477,476,449
24,17,2024-02-15,0, ,-37,-4,46,70,24,33,593,426,367,276
20,12,2024-02-22,1, ,22,1,66,60,51,36,492,600,375,486
7,29,2024-02-22,1, ,20,-2,98,46,21,51,348,700,447,226
25,26,2024-02-22,1, ,5,-1,78,78,39,33,534,650,440,394
18,10,2024-02-22,1, ,22,-7,68,42,48,45,512,618,366,390
5,21,2024-02-22,0, ,-7,5,58,58,30,42,492,604,560,455
11,8,2024-02-22,1, ,14,7,74,70,39,36,593,578,400,433
27,2,2024-02-22,1, ,28,9,54,44,42,33,512,509,297,452
28,3,2024-02-22,0, ,-8,9,56,40,27,60,400,596,476,231
22,19,2024-02-22,0, ,-14,-7,54,46,30,45,511,491,441,345
4,1,2024-02-22,0, ,-17,-2,68,44,30,69,611,515,489,357
6,0,2024-02-22,1, ,10,0,48,50,57,45,532,522,417,432
9,13,2024-02-22,1, ,18,-2,68,66,48,30,623,515,286,390
24,7,2024-02-23,0, ,-15,-2,76,74,24,39,712,500,394,320
18,15,2024-02-23,0, ,-11,-7,64,50,21,39,472,444,448,219
9,3,2024-02-23,1, ,13,-1,50,42,39,33,429,532,282,310
13,26,2024-02-23,1, ,5,-5,76,54,33,45,466,559,395,407
20,29,2024-02-23,1, ,41,2,70,64,60,27,485,673,237,500
10,0,2024-02-23,1, ,4,-2,44,62,45,21,484,458,226,333
17,16,2024-02-23,0, ,-5,-9,60,56,39,39,560,476,351,371
0,27,2024-02-23,0, ,-2,9,68,70,36,45,556,507,385,308
14,12,2024-02-23,0, ,-6,-4,60,50,24,36,481,536,375,229
22,5,2024-02-23,1, ,7,-9,56,52,36,24,491,459,296,414
17,2,2024-02-24,1, ,15,7,48,58,36,18,420,522,171,316
8,21,2024-02-24,0, ,-3,-5,58,62,42,36,492,537,500,452
19,1,2024-02-24,0, ,-14,6,48,62,39,45,674,545,429,342
11,6,2024-02-25,1, ,22,0,76,54,42,42,482,667,452,389
24,3,2024-02-25,0, ,-13,-1,60,60,9,21,588,476,292,94
22,16,2024-02-25,0, ,-21,-5,40,50,48,54,595,392,486,348
28,26,2024-02-25,1, ,19,7,58,58,51,39,483,527,419,486
29,5,2024-02-25,0, ,-9,-7,56,64,36,30,627,560,313,300
10,20,2024-02-25,0, ,-13,4,44,58,48,51,468,423,486,390
0,21,2024-02-25,1, ,17,7,58,42,36,42,457,475,368,414
12,25,2024-02-25,0, ,-16,1,64,60,24,45,556,582,405,296
9,7,2024-02-25,0, ,-16,0,48,64,33,33,571,511,344,324
18,4,2024-02-25,0, ,-8,-9,48,56,48,39,509,511,325,390
0,13,2024-02-25,1, ,10,14,54,64,51,45,582,509,429,425
19,8,2024-02-26,1, ,2,-5,52,48,45,42,490,491,467,385
14,2,2024-02-26,0, ,-25,13,44,58,21,45,604,449,357,269
25,15,2024-02-26,0, ,-11,-13,64,68,39,33,596,604,367,406
11,27,2024-02-26,0, ,-8,5,66,82,39,36,603,569,429,310
21,2,2024-02-27,1, ,27,10,60,46,27,24,479,612,258,360
4,8,2024-02-27,0, ,-10,-2,74,46,6,42,605,536,378,69
1,22,2024-02-27,1, ,18,23,68,46,15,42,442,654,333,227
5,6,2024-02-27,1, ,2,4,48,68,60,42,586,558,424,500
24,15,2024-02-27,0, ,-10,-2,50,46,30,42,523,455,538,323
17,26,2024-02-27,1, ,9,4,60,46,39,48,561,484,390,419
16,3,2024-02-27,1, ,38,1,60,38,48,33,463,612,275,400
20,10,2024-02-27,1, ,17,2,68,56,30,27,500,515,231,370
29,9,2024-02-27,0, ,-11,0,68,52,36,63,542,586,457,343
0,28,2024-02-27,1, ,27,4,68,48,36,33,429,557,289,375
19,18,2024-02-27,0, ,-23,-3,34,42,42,54,488,459,529,304
7,25,2024-02-28,1, ,21,2,62,52,45,36,433,608,343,429
17,14,2024-02-28,1, ,9,0,50,50,42,33,446,568,297,400
11,18,2024-02-28,1, ,9,-10,72,62,42,33,508,563,379,368
27,6,2024-02-28,0, ,-11,3,66,74,39,45,698,524,349,371
4,5,2024-02-28,1, ,9,20,62,46,39,66,460,425,407,351
12,13,2024-02-28,0, ,-4,4,70,66,30,42,660,673,389,270
3,16,2024-02-29,0, ,-12,-2,48,46,36,48,489,558,410,308
2,0,2024-02-29,1, ,27,-5,48,58,66,24,500,545,286,478
26,20,2024-02-29,1, ,14,-4,58,70,57,27,603,558,290,487
19,9,2024-02-29,0, ,-11,9,46,60,36,42,556,411,318,308
0,10,2024-02-29,1, ,5,-3,46,44,39,33,407,442,244,351
13,29,2024-02-29,1, ,3,10,90,70,24,51,574,577,415,348
21,28,2024-02-29,1, ,8,-2,64,36,30,48,419,681,432,333
7,15,2024-02-29,1, ,6,-1,48,56,36,21,491,480,269,353
22,3,2024-03-01,1, ,7,-4,54,58,57,42,569,519,424,432
4,16,2024-03-01,0, ,-16,-10,50,44,33,45,550,424,326,407
8,5,2024-03-01,0, ,-10,-2,46,30,30,54,357,434,439,278
12,29,2024-03-01,1, ,25,8,82,68,39,36,531,661,353,406
17,25,2024-03-01,0, ,-4,11,60,78,36,33,549,556,379,387
18,11,2024-03-01,1, ,27,6,66,60,45,30,476,611,313,469
1,6,2024-03-01,1, ,28,0,62,70,63,27,583,608,265,488
27,9,2024-03-01,0, ,-15,-3,58,52,36,54,481,580,409,267
14,24,2024-03-01,0, ,-30,0,52,70,27,39,574,473,419,375
2,0,2024-03-02,1, ,12,0,52,52,45,33,491,464,324,469
15,28,2024-03-02,1, ,6,-1,66,56,39,42,538,611,400,382
14,24,2024-03-02,0, ,-7,7,30,56,45,33,491,349,314,375
0,10,2024-03-02,0, ,-9,4,60,52,27,48,481,536,381,310
13,7,2024-03-02,0, ,-10,3,70,86,36,33,652,583,423,414
21,8,2024-03-03,1, ,22,3,72,50,21,24,500,735,222,304
1,9,2024-03-03,1, ,52,0,56,58,75,21,569,596,171,510
27,3,2024-03-03,1, ,5,2,58,70,39,24,538,547,296,342
5,19,2024-03-03,0, ,-9,-4,44,52,51,48,553,512,410,386
17,12,2024-03-03,0, ,-1,2,44,44,27,30,431,468,294,273
26,11,2024-03-03,1, ,12,-2,72,70,30,18,556,600,200,400
6,22,2024-03-03,0, ,-4,-9,48,58,48,33,569,533,297,390
0,20,2024-03-03,0, ,-8,5,52,80,42,27,563,500,290,359
25,4,2024-03-04,0, ,-4,-2,60,62,33,33,596,545,344,297
16,12,2024-03-04,1, ,7,8,44,42,45,48,477,550,400,395
13,20,2024-03-04,1, ,12,3,50,44,48,45,400,543,385,471
28,29,2024-03-04,1, ,12,-6,66,48,48,48,429,541,421,400
17,24,2024-03-04,1, ,5,20,58,58,33,48,547,569,410,393
2,14,2024-03-04,0, ,-4,-1,40,52,45,36,578,541,324,357
5,1,2024-03-05,1, ,1,-4,38,48,60,45,436,396,395,476
3,21,2024-03-05,0, ,-12,3,42,54,36,39,692,538,371,364
27,18,2024-03-05,0, ,-41,4,46,58,39,72,518,469,490,295
6,11,2024-03-05,0, ,-17,-2,64,64,39,54,593,593,462,333
10,26,2024-03-05,1, ,13,-6,80,52,27,36,510,563,333,265
2,22,2024-03-05,1, ,5,3,58,56,36,36,519,537,429,400
7,0,2024-03-05,0, ,-10,-8,52,54,45,45,435,464,441,375
15,8,2024-03-05,1, ,8,0,56,54,42,36,574,519,286,452
19,0,2024-03-05,0, ,-16,-10,44,68,48,30,607,468,323,308
24,20,2024-03-06,0, ,-8,-9,54,68,42,27,654,574,409,412
9,16,2024-03-06,1, ,35,-7,64,46,57,33,460,615,282,487
22,14,2024-03-06,0, ,-6,-2,52,56,39,39,519,388,351,371
29,21,2024-03-06,0, ,-10,-2,56,64,36,36,582,560,462,316
0,5,2024-03-06,1, ,11,2,64,58,33,30,644,593,227,367
28,4,2024-03-06,0, ,-2,2,58,56,45,51,549,592,436,319
10,12,2024-03-06,0, ,-6,-12,58,64,48,36,627,509,414,432
13,25,2024-03-06,0, ,-10,11,54,84,45,36,636,551,387,469
11,17,2024-03-07,0, ,-2,3,64,78,30,21,534,571,280,385
25,26,2024-03-07,1, ,2,-4,84,60,30,48,517,600,485,313
7,1,2024-03-07,1, ,6,5,82,60,12,33,566,594,289,190
0,27,2024-03-07,1, ,7,6,58,54,45,48,540,569,364,429
8,2,2024-03-07,1, ,6,7,62,48,36,51,558,596,415,400
9,4,2024-03-07,0, ,-3,6,66,60,33,48,588,600,444,262
6,15,2024-03-07,1, ,6,7,48,46,48,51,523,522,447,390
29,3,2024-03-08,1, ,12,9,74,62,18,27,534,685,214,182
14,0,2024-03-08,0, ,-7,12,40,44,30,45,423,417,429,385
22,18,2024-03-08,0, ,-8,-6,52,48,27,33,500,510,355,243
19,21,2024-03-08,1, ,24,-8,44,42,48,18,396,478,231,485
5,17,2024-03-08,1, ,9,8,54,62,33,24,484,500,267,324
20,15,2024-03-08,1, ,7,-2,60,54,36,33,509,588,379,316
24,10,2024-03-08,0, ,-16,-2,42,62,48,42,544,389,378,457
13,16,2024-03-08,1, ,1,-1,62,60,48,48,577,554,390,471
12,4,2024-03-09,1, ,10,1,60,48,36,39,471,612,371,343
9,26,2024-03-09,0, ,-13,0,62,54,30,51,509,534,515,333
0,1,2024-03-09,0, ,-10,0,70,62,27,45,564,625,385,290
3,2,2024-03-09,1, ,11,-2,66,44,33,42,458,647,333,367
7,28,2024-03-09,1, ,21,-6,72,78,57,24,574,706,308,594
8,6,2024-03-09,0, ,-18,-5,64,74,39,42,685,516,368,351
24,27,2024-03-09,1, ,10,-2,66,54,48,48,563,524,372,400
25,10,2024-03-10,0, ,-8,-2,66,54,18,36,491,611,414,188
0,18,2024-03-10,0, ,-13,-6,42,58,51,42,604,467,519,370
21,11,2024-03-10,0, ,-14,-5,48,60,27,24,545,462,348,250
5,2,2024-03-10,0, ,-19,-5,46,48,42,54,545,523,514,438
19,22,2024-03-10,0, ,-6,4,34,44,27,27,440,425,300,225
12,16,2024-03-10,0, ,-7,-12,66,52,42,51,531,579,447,298
13,17,2024-03-10,1, ,11,11,68,50,30,48,490,576,348,417
15,29,2024-03-10,0, ,-2,-4,66,46,30,48,548,532,410,303
20,14,2024-03-10,1, ,31,-13,56,42,63,33,467,609,333,447
26,9,2024-03-11,0, ,-10,2,50,68,42,36,515,446,444,378
5,0,2024-03-11,0, ,-6,3,50,68,45,36,654,658,375,326
8,3,2024-03-11,1, ,17,6,62,42,30,39,438,705,325,238
24,1,2024-03-11,0, ,-22,3,58,68,30,45,567,492,375,357
4,6,2024-03-11,0, ,-35,3,56,76,21,39,731,509,317,206
7,27,2024-03-11,1, ,6,-3,84,72,30,33,571,636,367,345
25,16,2024-03-12,1, ,35,-14,62,46,54,21,535,596,179,450
26,10,2024-03-12,0, ,-2,-7,56,54,33,30,563,609,313,306
20,11,2024-03-12,0, ,-10,-5,58,78,42,27,639,468,321,378
12,17,2024-03-12,0, ,-18,11,46,72,33,36,590,548,364,367
14,29,2024-03-12,1, ,12,5,68,52,24,33,565,557,306,242
28,1,2024-03-12,0, ,-16,-7,52,46,45,60,535,481,408,469
19,22,2024-03-12,1, ,27,1,52,44,42,24,468,667,242,350
21,2,2024-03-13,1, ,8,-3,52,62,42,21,564,578,269,438
11,4,2024-03-13,0, ,-3,-3,64,76,42,30,594,593,357,311
18,5,2024-03-13,0, ,-21,19,62,54,12,60,574,534,444,182
6,9,2024-03-13,1, ,10,-1,76,56,18,27,438,691,321,222
24,0,2024-03-13,1, ,4,8,56,48,30,42,490,538,359,333
8,27,2024-03-13,1, ,9,11,56,64,33,27,561,483,250,367
15,7,2024-03-13,0, ,-12,6,58,58,15,33,592,492,333,238
25,13,2024-03-13,1, ,13,-8,54,48,57,42,522,574,438,463
14,3,2024-03-13,0, ,-12,1,40,62,48,39,674,444,361,400
10,29,2024-03-14,1, ,16,6,78,68,36,36,618,661,316,429
24,19,2024-03-14,0, ,-12,-9,46,64,33,18,552,451,207,333
1,0,2024-03-14,1, ,15,1,44,72,75,33,529,564,355,500
4,12,2024-03-14,0, ,-15,3,50,56,48,60,700,490,500,457
20,6,2024-03-14,1, ,7,-1,58,62,48,36,564,617,414,410
16,22,2024-03-14,1, ,9,10,46,44,48,51,500,639,486,444
18,12,2024-03-15,1, ,8,-3,58,50,39,36,568,558,364,371
8,15,2024-03-15,0, ,-13,-2,52,72,30,21,632,565,206,263
28,0,2024-03-15,1, ,2,-2,64,42,42,60,396,593,513,389
26,7,2024-03-15,0, ,-11,12,52,78,33,30,609,500,400,379
27,21,2024-03-15,0, ,-10,-6,48,52,42,42,531,511,452,412
3,0,2024-03-15,0, ,-11,4,58,58,18,33,592,509,289,162
22,3,2024-03-16,1, ,11,10,46,54,39,30,529,575,323,317
11,2,2024-03-16,1, ,21,-9,88,46,18,30,442,587,400,200
10,5,2024-03-16,1, ,14,-9,64,50,45,36,568,571,316,357
18,24,2024-03-16,1, ,19,-2,78,60,39,36,588,609,364,394
14,20,2024-03-16,0, ,-6,4,38,66,54,36,635,514,343,409
4,29,2024-03-16,1, ,29,8,82,46,24,39,442,672,406,333
28,17,2024-03-16,0, ,-19,6,64,50,18,57,481,561,463,231
13,9,2024-03-16,0, ,-7,3,70,74,36,42,587,603,412,353
25,19,2024-03-16,0, ,-7,8,40,52,30,33,553,417,282,270
12,0,2024-03-17,0, ,-17,15,34,48,33,51,480,447,500,306
21,27,2024-03-17,1, ,15,0,64,58,33,24,547,653,258,306
29,1,2024-03-17,0, ,-26,-8,62,38,30,72,514,564,480,294
16,0,2024-03-17,1, ,11,1,54,74,72,42,685,509,424,585
8,15,2024-03-17,0, ,-3,-1,48,56,42,36,519,511,343,389
26,2,2024-03-17,1, ,7,8,74,78,27,24,549,597,258,243
6,7,2024-03-17,1, ,2,-5,66,50,27,36,446,508,429,257
1,8,2024-03-18,1, ,25,-2,42,54,66,27,491,457,310,449
28,17,2024-03-18,0, ,-10,2,50,56,42,48,560,481,390,438
22,15,2024-03-18,1, ,7,2,48,46,39,36,411,490,364,361
13,0,2024-03-18,1, ,31,5,74,66,45,27,579,685,220,417
25,14,2024-03-18,1, ,10,2,62,48,33,39,400,525,342,314
11,5,2024-03-18,0, ,-5,-10,66,52,27,36,542,623,375,237
4,24,2024-03-18,1, ,3,-2,60,64,33,24,533,500,286,333
9,19,2024-03-18,0, ,-7,-3,56,60,42,42,556,538,378,389
26,6,2024-03-19,0, ,-6,0,50,68,42,30,557,500,333,359
21,3,2024-03-19,1, ,20,5,64,58,36,27,580,681,310,353
17,7,2024-03-19,0, ,-3,-1,60,56,36,42,519,566,519,343
2,18,2024-03-19,0, ,-13,7,38,64,36,30,653,432,294,300
29,10,2024-03-19,0, ,-23,-15,54,68,45,39,654,458,333,385
27,25,2024-03-20,0, ,-34,-2,46,72,30,36,679,469,300,323
1,16,2024-03-20,1, ,3,12,44,56,54,51,571,489,486,450
5,15,2024-03-20,0, ,-3,1,40,50,45,39,532,606,361,357
20,28,2024-03-20,1, ,12,6,66,60,30,30,556,611,278,294
0,22,2024-03-20,1, ,13,-1,52,56,57,39,483,510,351,487
9,14,2024-03-20,1, ,21,-12,78,48,57,54,511,639,367,487
24,12,2024-03-20,0, ,-13,-3,48,64,45,39,582,511,419,441
8,11,2024-03-20,0, ,-19,13,64,78,15,33,661,478,379,217
10,4,2024-03-21,1, ,10,-5,60,60,51,36,484,625,387,378
21,18,2024-03-21,1, ,15,-3,66,72,42,18,621,660,300,389
6,28,2024-03-21,1, ,16,0,66,68,30,12,642,611,133,313
29,25,2024-03-21,1, ,7,0,62,52,30,33,553,554,282,400
7,19,2024-03-21,1, ,13,4,78,54,18,33,563,609,355,300
16,2,2024-03-21,1, ,7,0,54,56,48,39,583,540,295,390
0,0,2024-03-21,1, ,13,1,38,56,66,36,500,576,343,537
9,11,2024-03-22,0, ,-12,-1,58,66,42,45,524,500,417,292
13,22,2024-03-22,1, ,7,5,40,50,36,24,424,476,216,387
24,12,2024-03-22,0, ,-8,-8,66,60,36,42,682,550,424,364
8,1,2024-03-22,0, ,-27,-10,66,62,27,48,705,635,356,290
15,18,2024-03-22,0, ,-23,4,36,48,39,54,522,462,500,277
17,5,2024-03-22,1, ,13,-8,54,54,42,21,519,466,241,519
27,20,2024-03-22,0, ,-20,-3,58,72,33,36,571,630,375,367
26,14,2024-03-22,0, ,-2,-5,60,42,21,36,438,526,353,184
0,3,2024-03-23,1, ,41,2,60,48,60,33,533,625,282,476
19,2,2024-03-23,1, ,12,-7,54,44,45,36,524,474,353,375
29,27,2024-03-23,1, ,3,-8,66,64,33,24,525,579,242,314
4,1,2024-03-23,0, ,-11,-5,76,46,27,63,605,655,438,375
21,25,2024-03-23,0, ,-2,-5,64,46,30,45,489,604,375,286
10,28,2024-03-23,1, ,28,-16,54,58,81,33,558,563,297,551
24,7,2024-03-23,0, ,-3,-9,66,66,30,24,493,508,333,357
26,0,2024-03-23,0, ,-25,9,62,90,27,33,643,596,458,273
12,22,2024-03-24,0, ,-14,10,60,60,30,54,566,545,486,357
13,11,2024-03-24,1, ,5,29,76,82,36,54,577,594,500,480
16,20,2024-03-24,1, ,25,-8,76,46,33,30,500,655,233,324
15,5,2024-03-24,1, ,37,5,56,42,45,27,488,622,310,395
17,9,2024-03-24,1, ,4,-7,38,48,63,42,490,432,389,525
8,18,2024-03-24,0, ,-13,5,42,60,33,33,638,553,324,268
28,6,2024-03-25,0, ,-10,3,48,64,39,36,640,500,286,333
25,22,2024-03-25,1, ,12,5,56,46,30,33,479,583,324,263
7,14,2024-03-25,1, ,25,-1,66,52,45,33,520,569,250,469
27,2,2024-03-25,0, ,-8,-4,64,56,15,27,667,552,231,185
10,24,2024-03-25,1, ,18,11,50,58,36,21,537,463,212,308
4,29,2024-03-25,0, ,-2,8,52,50,30,42,521,500,286,286
19,8,2024-03-25,1, ,25,-6,52,48,57,30,444,605,294,413
26,0,2024-03-25,1, ,2,8,64,64,24,30,582,533,357,258
0,1,2024-03-25,1, ,2,-3,56,72,54,33,632,549,289,500
5,3,2024-03-25,1, ,23,-9,58,50,51,27,481,644,321,415
12,11,2024-03-25,0, ,-17,2,80,66,18,51,569,615,607,300
25,6,2024-03-26,0, ,-36,7,48,58,33,66,547,400,564,367
15,9,2024-03-26,0, ,-21,4,58,68,24,39,723,492,342,242
16,13,2024-03-26,0, ,-4,-19,68,56,45,42,438,500,318,294
18,20,2024-03-26,0, ,-7,8,50,62,42,45,596,521,441,368
22,12,2024-03-27,0, ,-1,2,52,52,39,42,481,531,389,394
20,10,2024-03-27,0, ,-6,1,66,70,42,45,574,569,349,368
0,24,2024-03-27,1, ,14,10,56,58,48,42,537,636,452,390
4,11,2024-03-27,1, ,26,-3,74,42,36,39,488,521,310,444
21,9,2024-03-27,0, ,-8,0,52,60,30,30,536,491,294,313
17,8,2024-03-27,1, ,15,-9,62,44,33,27,449,674,281,306
7,0,2024-03-27,0, ,-7,1,56,46,30,48,460,583,485,250
29,2,2024-03-27,0, ,-3,-5,64,74,42,30,569,561,303,412
27,19,2024-03-27,0, ,-44,-1,56,66,33,66,660,528,500,355
28,26,2024-03-27,0, ,-7,6,52,56,39,48,528,542,485,371
3,5,2024-03-27,1, ,7,9,62,46,39,57,561,721,432,394
14,13,2024-03-27,0, ,-12,-13,58,54,51,54,563,537,545,395
18,16,2024-03-28,1, ,7,17,56,48,24,42,558,475,359,250
0,1,2024-03-28,1, ,1,-12,72,62,45,42,534,600,389,341
29,8,2024-03-29,0, ,-9,-10,54,62,27,18,477,491,250,273
7,17,2024-03-29,0, ,-13,-6,54,58,24,27,630,450,321,286
26,19,2024-03-29,1, ,4,16,56,74,48,42,507,667,378,400
21,12,2024-03-29,0, ,-3,1,56,66,30,24,541,491,333,345
5,22,2024-03-29,1, ,3,-3,58,52,48,48,481,644,400,432
11,13,2024-03-29,1, ,19,-2,66,60,30,15,536,569,167,323
15,24,2024-03-29,1, ,60,6,66,60,63,15,526,623,167,538
3,9,2024-03-29,0, ,-18,9,44,74,36,33,649,579,344,261
20,0,2024-03-29,1, ,25,2,66,52,48,39,565,579,317,533
2,4,2024-03-29,1, ,17,-9,36,58,75,27,644,383,300,568
25,6,2024-03-29,0, ,-4,-14,50,40,45,45,513,417,429,469
28,10,2024-03-29,0, ,-1,0,58,44,24,39,449,592,310,258
21,14,2024-03-30,1, ,30,6,32,38,66,36,380,471,333,500
18,1,2024-03-30,0, ,-12,0,42,48,39,45,533,412,405,371
0,16,2024-03-30,0, ,-9,-13,56,70,42,24,700,491,286,400
25,28,2024-03-31,1, ,21,-5,50,36,60,48,429,568,390,500
3,12,2024-03-31,0, ,-12,-23,42,58,69,42,630,583,483,442
2,13,2024-03-31,0, ,-12,-3,54,54,36,45,730,482,375,333
26,9,2024-03-31,0, ,-4,5,46,58,51,48,547,500,410,395
19,20,2024-03-31,0, ,-1,11,50,62,39,39,646,510,382,302
10,6,2024-03-31,0, ,-18,11,52,48,39,72,522,481,511,342
7,5,2024-03-31,1, ,29,-8,58,60,63,24,526,537,320,636
17,4,2024-03-31,0, ,-8,6,54,50,33,51,490,614,586,297
29,15,2024-03-31,0, ,-12,-9,58,52,33,42,578,580,389,289
27,22,2024-03-31,0, ,-15,2,72,50,33,72,625,600,558,367
8,14,2024-04-01,0, ,-2,-2,58,58,33,33,500,569,333,393
21,24,2024-04-01,1, ,1,9,50,58,33,33,492,568,355,344
4,0,2024-04-01,0, ,-12,8,60,44,21,57,524,455,475,250
18,0,2024-04-01,0, ,-13,-4,62,50,33,54,625,500,383,407
3,1,2024-04-01,0, ,-14,-4,56,48,39,57,667,519,358,351
11,2,2024-04-01,1, ,22,-5,80,62,39,30,508,556,385,419
29,16,2024-04-02,1, ,4,2,76,68,27,33,618,691,229,237
9,6,2024-04-02,1, ,4,0,52,48,45,45,490,448,375,469
27,13,2024-04-02,0, ,-17,9,66,68,30,54,567,579,439,313
15,19,2024-04-02,1, ,10,3,38,46,51,36,548,528,353,447
22,20,2024-04-02,1, ,4,5,44,48,42,39,500,458,333,467
25,12,2024-04-02,1, ,14,-3,54,40,36,33,408,540,407,286
17,10,2024-04-02,1, ,7,10,60,54,33,42,614,588,292,423
28,5,2024-04-02,0, ,-16,-6,50,60,48,48,652,521,410,432
7,26,2024-04-02,1, ,5,5,64,58,33,39,475,500,295,324
17,27,2024-04-03,1, ,48,3,58,52,60,21,433,547,233,465
1,20,2024-04-03,1, ,35,-7,66,60,51,15,526,635,208,425
3,24,2024-04-03,0, ,-3,9,54,60,15,21,448,574,269,161
0,5,2024-04-03,1, ,21,0,52,64,54,21,561,481,269,545
0,8,2024-04-03,1, ,8,-7,72,66,39,30,516,692,333,342
16,14,2024-04-03,0, ,-10,-5,40,78,54,21,574,392,304,409
29,13,2024-04-03,0, ,-5,-13,54,76,54,24,603,551,286,429
2,11,2024-04-03,1, ,4,10,60,72,36,30,554,545,263,375
18,21,2024-04-03,0, ,-9,2,48,56,36,39,583,511,406,414
10,9,2024-04-04,0, ,-23,4,48,60,36,51,667,522,486,300
15,22,2024-04-04,0, ,-4,5,52,58,39,42,558,510,350,302
6,0,2024-04-04,1, ,14,1,40,42,54,39,447,444,342,367
12,7,2024-04-04,1, ,2,10,54,50,21,33,521,474,314,212
19,25,2024-04-04,1, ,11,13,64,48,36,54,545,615,429,429
11,20,2024-04-05,1, ,14,-1,62,68,45,24,607,585,267,429
3,21,2024-04-05,1, ,9,1,56,66,45,27,589,667,237,500
12,28,2024-04-05,1, ,29,-7,76,52,39,27,426,679,300,371
16,27,2024-04-05,0, ,-6,-14,58,44,36,42,512,558,389,286
10,15,2024-04-05,0, ,-15,4,40,62,42,39,585,435,361,318
1,25,2024-04-05,1, ,1,6,52,42,36,51,438,578,333,273
0,17,2024-04-05,1, ,10,11,48,46,27,30,411,480,345,346
18,26,2024-04-05,0, ,-2,2,70,50,27,51,676,614,370,310
29,24,2024-04-05,0, ,-6,4,66,64,15,27,492,600,310,152
4,19,2024-04-05,1, ,8,-5,74,52,21,30,481,529,345,304
14,8,2024-04-05,1, ,18,-4,64,48,30,24,490,542,267,323
6,9,2024-04-05,1, ,2,4,56,58,36,36,500,560,343,353
2,8,2024-04-06,1, ,10,24,54,50,33,51,472,587,436,407
13,5,2024-04-06,1, ,19,2,58,56,48,33,509,674,314,432
14,22,2024-04-06,0, ,-20,-3,54,50,27,48,625,443,410,346
7,0,2024-04-06,1, ,32,-11,60,50,69,36,500,638,324,561
21,4,2024-04-07,1, ,15,2,62,64,33,18,582,554,300,324
9,28,2024-04-07,1, ,8,-11,70,48,42,45,500,614,429,400
16,19,2024-04-07,0, ,-13,9,46,62,36,42,492,561,483,353
6,10,2024-04-07,1, ,11,13,62,58,45,51,558,674,415,385
13,17,2024-04-07,0, ,-10,16,56,70,33,45,603,528,385,355
1,24,2024-04-07,1, ,17,-3,66,52,48,42,406,673,368,421
11,15,2024-04-07,1, ,2,-9,70,62,27,24,544,648,296,281
3,20,2024-04-07,0, ,-3,-2,56,54,51,54,529,651,500,425
26,22,2024-04-07,0, ,-7,5,56,80,48,36,533,519,308,364
12,5,2024-04-07,1, ,2,1,54,62,42,33,534,551,367,400
0,18,2024-04-07,0, ,-8,-4,50,48,42,48,522,521,410,359
27,29,2024-04-07,1, ,8,-1,76,52,33,48,531,585,400,355
2,25,2024-04-07,0, ,-30,-2,46,50,21,45,543,411,313,233
0,12,2024-04-09,0, ,-13,13,44,58,24,36,475,407,462,229
0,15,2024-04-09,0, ,-6,-4,70,48,30,54,558,522,400,217
28,7,2024-04-09,0, ,-16,8,52,64,30,42,561,433,378,323
27,11,2024-04-09,0, ,-17,8,84,76,15,48,704,575,356,238
17,29,2024-04-09,1, ,9,13,50,48,54,60,522,510,465,439
16,1,2024-04-09,1, ,13,1,52,40,51,51,488,578,327,472
3,6,2024-04-09,0, ,-26,3,58,66,30,51,767,509,340,313
22,8,2024-04-09,1, ,18,-1,62,40,39,42,370,508,467,351
13,9,2024-04-09,0, ,-14,6,64,42,36,78,538,525,634,343
10,21,2024-04-09,1, ,12,-8,60,64,45,21,516,588,292,429
4,19,2024-04-09,0, ,-11,-6,74,58,30,51,617,617,472,357
24,18,2024-04-09,0, ,-10,-20,54,50,39,33,490,574,306,342
14,26,2024-04-09,0, ,-15,1,60,64,18,30,681,405,250,200
20,25,2024-04-09,1, ,7,4,56,26,33,60,342,560,345,367
15,6,2024-04-10,0, ,-19,3,40,56,39,45,651,392,341,433
7,17,2024-04-10,1, ,9,1,70,56,33,39,538,603,433,440
16,21,2024-04-10,1, ,18,0,56,50,45,33,521,636,367,375
20,26,2024-04-10,1, ,38,1,62,46,48,27,411,492,225,421
0,3,2024-04-10,0, ,-1,-11,50,52,54,42,605,595,389,450
2,27,2024-04-10,1, ,4,3,54,38,33,48,352,540,400,306
5,14,2024-04-10,1, ,12,3,44,38,45,42,365,489,438,405
12,0,2024-04-10,0, ,-16,-6,64,56,36,54,622,542,360,333
1,19,2024-04-11,0, ,-9,7,48,70,48,42,556,545,389,381
25,18,2024-04-11,0, ,-12,0,60,54,48,66,587,652,550,421
28,10,2024-04-11,1, ,3,2,60,38,42,63,396,625,447,359
8,4,2024-04-11,0, ,-22,4,48,74,42,42,617,571,389,400
24,9,2024-04-11,0, ,-8,-2,54,48,24,36,571,429,343,235
25,0,2024-04-12,0, ,-1,-3,52,56,42,36,636,491,375,368
29,4,2024-04-12,0, ,-2,0,54,68,54,42,540,628,400,419
17,0,2024-04-12,1, ,3,6,56,62,30,27,517,667,300,270
12,28,2024-04-12,0, ,-1,-9,66,70,30,18,660,579,171,256
9,18,2024-04-12,0, ,-5,6,54,44,39,60,423,519,526,382
24,10,2024-04-12,0, ,-9,4,50,66,36,33,623,417,282,343
19,2,2024-04-12,1, ,4,7,48,60,42,33,600,453,344,467
6,8,2024-04-12,0, ,-18,2,56,76,24,24,594,519,258,276
20,16,2024-04-12,1, ,18,6,68,62,39,33,564,667,367,342
14,13,2024-04-12,0, ,-3,-9,52,58,51,39,659,464,351,436
15,27,2024-04-12,1, ,22,-1,56,54,51,30,587,622,323,415
22,21,2024-04-12,1, ,12,4,48,70,54,24,515,471,296,486
1,3,2024-04-12,1, ,33,-10,80,34,42,45,415,635,429,341
26,7,2024-04-12,1, ,1,7,60,72,45,39,590,577,361,455
5,11,2024-04-12,1, ,9,-3,74,74,39,27,649,587,281,406
26,8,2024-04-14,1, ,28,-5,68,56,45,24,475,596,242,441
11,0,2024-04-14,1, ,42,-17,92,54,57,36,509,719,333,528
12,10,2024-04-14,0, ,-11,10,66,78,24,33,600,493,289,216
17,0,2024-04-14,0, ,-19,10,54,62,27,48,544,614,552,346
22,2,2024-04-14,1, ,21,-2,54,46,42,27,469,519,265,318
9,28,2024-04-14,1, ,7,9,62,64,42,42,582,608,412,326
18,13,2024-04-14,0, ,-16,-6,52,74,45,33,638,531,379,405
1,29,2024-04-14,1, ,10,4,70,70,48,42,538,614,368,500
25,24,2024-04-14,1, ,39,9,60,48,39,21,453,566,156,382
19,4,2024-04-14,1, ,1,3,68,82,36,24,586,576,258,375
5,3,2024-04-14,0, ,-10,-3,56,54,48,57,529,467,475,485
20,6,2024-04-14,1, ,49,-1,80,48,42,24,414,635,205,412
14,7,2024-04-14,0, ,-15,-9,74,68,24,36,642,552,333,242
21,16,2024-04-14,1, ,25,-3,62,46,33,21,479,620,259,314
15,27,2024-04-14,1, ,15,-1,74,58,27,27,518,725,265,250
