Won,HomeCourt,HomePointDiff,HomeFT,Home2pt,Home3pt,Def2pt,Def3pt,AwayPointDiff,AwayFT,Away2pt,Away3pt,OppDef2pt,OppDef3pt
1,1,-6,19,58,31,575,335,1,19,60,32,584,348
0,1,-2,17,61,33,506,374,1,17,60,35,497,377
1,1,-10,15,61,34,570,392,6,18,57,36,522,349
1,1,-0,20,55,37,546,365,-1,20,63,33,522,374
1,1,2,18,50,43,551,373,-2,18,63,35,538,358
1,1,-2,17,54,36,525,346,8,18,53,49,536,351
0,1,-1,19,53,45,540,365,-2,19,54,36,567,358
1,1,3,17,62,36,522,359,2,17,64,34,539,347
1,1,-6,20,55,35,567,373,2,17,64,34,543,348
1,1,5,17,56,39,506,337,2,15,54,49,544,347
1,1,1,18,56,44,549,336,7,20,65,33,553,331
0,1,-2,21,65,29,545,336,7,18,52,49,536,353
1,1,2,19,54,37,556,330,3,20,58,40,541,368
0,1,-2,18,63,35,534,360,-1,19,54,36,562,355
0,1,-7,17,62,30,560,347,-7,20,55,35,571,346
0,1,-10,14,61,34,571,386,0,20,55,38,546,365
1,1,-5,20,57,31,571,332,1,17,63,34,541,348
1,1,-1,17,55,36,529,342,-1,19,63,33,526,377
0,1,1,20,60,31,580,352,2,20,58,40,541,372
1,1,-1,19,52,44,538,361,1,15,53,49,547,349
0,1,0,19,63,31,553,365,1,20,61,33,532,332
0,1,2,18,49,44,551,371,6,18,58,35,523,349
1,1,1,16,62,36,572,365,-2,17,60,33,509,372
1,1,2,17,56,44,547,330,6,20,65,33,555,331
0,1,-5,20,54,35,561,369,-1,18,53,37,562,356
0,1,-0,17,54,36,529,337,1,17,63,34,541,349
1,1,4,17,62,36,516,358,5,18,56,39,502,340
0,1,-7,17,62,31,560,351,1,17,63,34,539,350
1,1,1,18,49,44,553,370,1,19,55,38,544,365
0,1,-0,19,64,31,550,371,1,20,61,33,536,332
1,1,-2,21,65,29,543,338,2,17,64,35,571,369
1,1,3,19,54,38,556,327,1,15,53,49,548,351
1,1,6,18,58,34,520,348,-1,19,52,44,536,363
0,1,7,18,52,49,537,350,-5,20,57,32,572,332
0,1,1,20,60,31,581,353,2,17,61,35,498,376
0,1,-7,20,55,36,568,346,2,20,58,40,542,369
0,1,-2,18,64,34,531,362,-2,19,63,32,523,374
0,1,-5,20,55,35,561,368,0,19,55,38,550,367
1,1,2,17,63,34,537,350,6,20,65,33,554,332
1,1,3,18,56,39,506,341,2,18,56,44,546,332
1,1,-2,18,63,34,530,366,5,17,63,36,516,354
1,1,6,19,58,35,526,347,2,19,49,44,551,369
0,1,-10,14,62,34,577,388,-1,18,52,37,562,353
1,1,-1,17,54,36,530,335,-3,17,60,34,517,367
0,1,1,20,61,31,587,353,0,15,53,49,547,353
1,1,-2,19,63,32,526,371,-1,19,63,31,545,372
0,1,6,18,52,48,538,348,-4,20,58,32,574,329
1,1,-1,21,65,29,543,338,-3,17,60,34,515,369
1,1,1,17,64,35,573,369,-7,17,61,32,560,357
0,1,-7,20,55,35,569,347,2,17,61,35,500,376
0,1,-1,19,52,44,536,366,2,20,60,34,535,334
1,1,-1,19,63,34,528,373,2,18,49,44,552,363
0,1,2,20,58,40,541,368,-7,17,61,32,559,356
0,1,5,19,65,33,555,334,4,17,56,40,509,341
1,1,6,18,58,34,527,346,1,17,56,44,547,337
1,1,2,17,63,35,539,351,-1,21,66,29,545,335
1,1,-2,18,63,35,528,363,1,19,55,38,549,358
0,1,-5,20,55,34,560,368,-10,15,61,34,578,387
1,1,3,19,54,38,551,329,0,20,60,31,587,356
1,1,2,17,63,35,538,353,-4,20,57,32,570,327
0,1,2,17,63,35,538,353,-3,17,60,33,515,370
0,1,-7,21,56,35,569,352,0,17,56,44,549,344
1,1,1,17,64,35,571,367,5,18,62,36,512,356
1,1,2,20,60,34,534,335,1,15,53,49,543,354
0,1,-1,18,53,37,559,354,-2,19,63,32,553,378
0,1,-6,20,56,34,561,372,-4,20,57,32,571,328
1,1,6,18,58,35,524,344,4,18,56,40,507,343
0,1,-0,19,63,34,524,375,1,19,48,45,551,364
1,1,-2,18,62,35,529,365,1,19,55,39,548,358
0,1,3,20,60,34,536,335,0,20,60,31,582,356
1,1,-1,17,54,36,528,336,-7,17,62,32,558,356
1,1,2,20,58,40,543,366,-2,20,65,30,543,341
0,1,6,18,52,48,532,350,-1,19,52,44,536,364
1,1,3,20,54,38,551,327,-7,21,56,35,569,355
1,1,2,17,61,35,502,372,-0,15,52,49,545,356
0,1,2,17,63,35,537,354,-1,19,63,32,555,376
1,1,5,19,64,34,562,333,-9,15,61,35,575,381
1,1,1,17,56,44,550,345,-3,17,60,33,515,371
0,1,-1,18,62,35,531,366,5,20,64,34,562,333
1,1,3,17,61,36,505,372,4,17,56,39,510,342
0,1,7,19,58,34,523,347,0,20,60,31,583,358
0,1,2,17,63,35,538,353,4,17,62,36,511,357
0,1,3,20,60,34,536,333,-1,19,63,32,552,376
0,1,-1,18,52,37,562,356,-1,18,52,44,533,363
0,1,-2,21,65,30,546,342,-7,17,62,32,559,360
1,1,2,17,62,35,538,352,-7,21,56,34,568,353
1,1,1,17,64,35,570,362,0,19,55,39,548,357
1,1,4,20,54,38,548,325,0,17,53,37,525,334
0,1,-6,20,56,34,561,370,1,19,48,45,553,361
1,1,6,18,52,48,531,353,-1,19,63,33,525,373
1,1,-4,20,57,32,570,330,-9,15,61,34,574,381
0,1,2,20,58,40,542,369,-3,17,61,33,514,374
1,1,-1,15,53,48,548,365,5,18,63,35,513,354
1,1,2,19,47,45,552,359,-2,20,65,31,551,343
1,1,6,19,52,47,532,352,3,17,56,39,510,345
1,1,2,17,64,35,571,358,2,17,63,35,538,351
0,1,3,20,60,35,535,336,4,19,54,38,550,326
0,1,-1,18,63,32,551,379,-6,20,56,34,561,369
1,1,-10,15,61,34,575,386,1,17,56,44,553,344
0,1,6,19,58,34,522,352,3,17,61,36,508,368
1,1,5,20,64,34,560,334,-1,18,52,45,530,364
1,1,-1,18,53,37,561,358,-1,18,63,33,527,371
1,1,0,19,55,38,550,361,-7,17,62,32,560,362
0,1,-8,21,56,34,570,353,-0,17,53,37,527,337
1,1,-1,16,53,49,548,361,-7,17,62,32,561,362
0,1,1,20,60,32,586,358,0,18,54,38,525,341
1,1,-1,18,52,44,532,362,2,17,63,35,538,351
0,1,-3,20,58,33,569,330,-2,21,65,30,554,345
0,1,4,18,63,35,513,355,2,17,62,35,539,351
0,1,2,20,58,40,547,367,2,17,64,35,568,362
1,1,-1,18,62,35,529,365,-9,15,62,34,572,384
1,1,-2,17,61,33,515,372,4,20,54,38,550,328
1,1,2,19,48,45,553,358,2,20,60,35,536,340
1,1,6,19,52,48,534,352,-5,20,56,34,561,369
1,1,-2,18,63,32,556,379,3,18,56,39,515,349
1,1,-1,16,53,48,547,358,1,17,55,44,554,344
1,1,-1,18,53,37,562,361,-2,20,65,31,554,346
1,1,5,20,64,34,559,332,-1,18,63,34,530,368
1,1,-2,17,61,33,518,367,2,17,62,36,538,350
1,1,2,20,58,40,548,367,2,17,64,35,570,360
0,1,1,17,62,36,540,349,3,17,61,37,509,368
1,1,-8,21,56,34,572,355,-3,20,58,33,572,332
1,1,7,19,52,48,532,351,1,18,54,38,527,338
0,1,0,20,60,31,584,359,4,18,62,35,512,361
1,1,-1,18,52,44,530,363,6,19,58,35,523,359
1,1,-7,17,62,32,561,358,-1,18,62,35,529,365
1,1,-9,15,62,34,571,388,2,20,60,35,541,338
1,1,2,19,48,45,553,357,-6,20,56,35,564,369
0,1,1,17,62,35,540,350,-2,20,64,31,555,345
1,1,2,18,56,39,514,350,-1,18,63,34,529,371
1,1,-0,20,60,31,583,361,1,17,62,35,542,349
1,1,-1,16,53,48,545,357,0,19,55,39,546,360
1,1,2,17,64,35,570,363,-1,18,53,37,563,361
1,1,2,20,58,40,551,369,1,17,55,44,553,344
1,1,5,20,64,34,560,332,4,20,54,38,549,328
0,1,-4,20,58,32,569,335,-2,18,62,33,516,369
1,1,-1,18,63,32,554,374,-7,21,55,35,569,352
0,1,-1,18,63,33,529,370,-7,21,55,35,571,354
0,1,-1,18,62,35,534,363,3,20,54,38,550,333
0,1,-9,15,62,34,568,388,2,19,48,45,551,357
0,1,-1,18,64,32,553,376,5,19,58,35,523,366
0,1,-6,20,56,35,566,370,2,20,60,35,541,340
1,1,-0,18,53,44,531,365,0,17,54,38,530,337
1,1,4,18,63,35,509,361,5,20,63,34,564,334
0,1,1,18,56,44,555,346,-1,18,53,37,564,368
0,1,-6,17,62,32,560,356,3,17,61,36,508,368
0,1,2,18,56,39,514,348,-1,18,61,33,516,364
1,1,2,17,64,35,567,364,7,19,53,48,533,352
1,1,4,18,63,34,506,358,2,20,59,40,556,366
1,1,-0,18,53,44,533,368,0,20,60,31,581,364
1,1,3,17,61,36,507,365,-9,15,63,34,572,388
1,1,-0,16,53,48,546,356,1,17,62,35,543,349
1,1,5,18,58,35,524,365,-1,18,64,32,553,375
1,1,2,20,59,36,540,339,1,17,62,35,543,349
1,1,-1,19,63,33,529,370,2,17,64,36,567,361
0,1,0,18,54,38,533,338,-1,18,54,37,560,369
1,1,4,19,55,38,546,333,5,21,63,34,567,330
0,1,-7,17,62,32,565,357,-2,20,65,31,556,343
0,1,-6,20,55,35,564,368,2,19,49,45,552,359
1,1,0,19,55,38,545,361,-7,21,55,35,570,353
1,1,2,18,56,39,518,346,-0,17,62,33,514,361
0,1,1,18,55,44,557,345,1,19,59,40,555,364
1,1,-2,18,62,35,534,362,6,19,53,47,534,358
0,1,-0,16,53,48,547,355,-7,21,55,35,572,355
0,1,-7,18,62,32,565,356,4,18,64,34,504,358
1,1,-4,20,58,32,572,337,-1,18,62,36,535,361
1,1,5,19,58,35,525,363,1,17,62,35,543,349
0,1,-0,20,60,32,579,364,2,18,56,39,517,344
1,1,4,21,63,34,565,333,-6,20,55,35,564,366
1,1,-2,20,65,31,554,343,-0,18,54,37,557,370
1,1,4,20,55,38,546,334,-0,18,53,44,533,367
1,1,-1,19,63,33,528,371,1,19,55,39,542,360
0,1,1,19,59,40,556,362,1,17,62,35,542,349
1,1,3,20,59,36,538,337,-9,15,63,33,574,393
1,1,-1,19,64,32,557,374,4,17,62,36,507,362
1,1,2,17,64,36,569,361,0,18,53,38,533,338
0,1,-6,20,55,35,563,366,1,18,55,44,560,344
0,1,2,19,49,45,552,357,5,19,53,47,537,362
0,1,-4,20,58,32,568,339,5,18,64,34,504,356
0,1,5,21,63,34,565,332,4,16,62,36,509,363
1,1,-0,18,54,44,533,367,1,19,55,38,543,361
1,1,3,17,63,36,568,355,5,19,58,35,523,363
0,1,4,20,55,38,546,335,-1,19,64,32,557,373
0,1,2,18,56,39,514,340,-7,18,62,32,565,355
0,1,-0,20,60,32,576,364,3,20,59,36,539,339
1,1,-1,18,62,36,537,361,-1,18,62,32,517,359
0,1,1,17,62,35,541,349,-0,18,54,37,558,369
1,1,-1,19,63,33,528,369,-1,18,53,38,534,339
1,1,-1,20,65,31,554,342,1,17,62,35,541,349
1,1,-9,16,63,33,573,391,-7,21,55,35,573,356
1,1,2,19,49,44,554,358,4,21,62,34,561,335
1,1,-1,19,64,32,554,374,1,18,55,44,558,344
0,1,-0,16,53,48,546,357,-4,20,58,32,570,339
0,1,-9,16,63,33,572,390,6,19,53,47,536,358
0,1,1,19,59,39,558,362,-1,20,65,31,553,340
0,1,-7,20,55,35,564,367,-1,19,63,33,527,369
1,1,5,18,64,34,506,355,1,18,55,44,558,347
1,1,-0,20,60,32,574,365,0,19,55,38,543,359
0,1,-7,21,56,35,575,356,3,19,55,38,547,341
1,1,-1,18,62,36,538,360,2,19,49,44,555,353
0,1,-0,18,54,37,556,366,4,17,62,37,506,365
1,1,-0,19,54,43,532,365,-6,17,62,33,563,357
0,1,-1,18,54,37,539,340,0,17,62,35,542,350
0,1,0,17,62,35,540,350,5,19,58,35,524,366
0,1,-1,18,62,32,517,361,4,21,63,34,563,338
1,1,5,18,64,34,509,354,-9,16,64,33,571,391
1,1,6,19,53,47,536,356,-0,19,64,32,556,372
0,1,3,20,59,36,537,339,1,18,55,39,517,342
1,1,1,20,59,39,561,363,-3,20,58,32,568,338
1,1,3,17,63,36,566,356,-1,20,65,31,554,343
1,1,-0,18,54,37,558,366,-0,18,62,36,537,360
1,1,0,20,60,32,573,364,-6,18,61,33,562,356
0,1,0,19,55,38,541,359,-4,20,58,32,568,342
1,1,4,19,55,38,547,342,-7,21,56,35,576,355
1,1,-1,18,54,37,540,339,1,20,49,44,554,355
1,1,1,18,56,44,556,348,5,19,58,35,521,370
0,1,-1,16,53,48,546,358,0,17,62,35,542,351
1,1,3,20,58,36,536,340,0,19,54,43,531,364
1,1,2,19,59,40,562,362,-7,19,55,35,563,367
1,1,6,19,53,46,536,356,4,21,63,34,563,340
0,1,0,17,62,35,541,351,1,18,55,40,515,340
1,1,-8,21,56,35,579,355,-0,19,63,33,526,367
1,1,5,18,64,34,509,354,-9,16,64,33,570,392
1,1,-1,18,62,32,519,362,-1,19,64,32,557,370
1,1,3,17,63,37,565,354,0,17,62,35,541,351
1,1,-0,18,53,37,559,363,1,17,55,40,515,341
1,1,0,20,59,32,575,365,-6,17,62,33,561,359
0,1,0,19,56,37,542,360,5,19,58,35,521,368
0,1,4,20,56,38,544,342,-0,18,62,36,535,358
0,1,4,16,62,37,504,365,6,19,53,46,537,356
0,1,-1,20,65,31,554,343,1,20,48,44,553,356
0,1,-7,21,56,35,578,358,4,20,63,34,565,340
0,1,-1,18,62,32,520,361,3,20,58,36,538,339
1,1,-1,19,62,34,529,371,-0,17,62,35,542,352
1,1,2,20,59,40,561,363,-7,19,55,35,563,367
1,1,1,19,56,43,557,346,-4,20,58,32,571,338
0,1,-1,18,64,32,556,368,0,18,62,36,535,357
0,1,-1,18,54,37,541,338,4,17,63,37,563,352
0,1,-8,16,64,33,568,398,-1,16,52,48,544,360
0,1,-0,19,54,43,531,364,-0,17,62,35,542,352
1,1,-1,19,63,33,527,377,5,19,59,34,524,367
1,1,-0,19,56,37,542,359,1,20,49,44,551,353
0,1,1,20,59,32,576,366,-0,17,62,35,542,351
0,1,-6,17,61,33,562,359,6,19,53,46,537,357
0,1,-0,19,54,42,529,367,5,18,64,34,509,353
1,1,-0,18,54,37,557,364,1,17,54,41,515,339
0,1,1,19,56,43,555,347,4,20,56,38,545,344
1,1,-1,18,54,37,541,340,-8,19,55,35,564,370
0,1,4,16,61,37,506,364,1,18,62,36,535,356
0,1,-1,20,65,31,555,343,4,20,56,38,547,343
1,1,4,17,63,37,563,352,-4,20,58,32,570,337
0,1,-7,21,56,35,577,358,3,20,58,36,536,339
0,1,-9,16,64,33,571,397,3,20,59,41,561,362
1,1,0,19,56,37,543,362,1,19,49,44,554,354
1,1,-1,18,63,32,557,368,-0,16,53,49,543,360
0,1,-1,18,62,32,520,359,-1,16,52,49,544,361
1,1,1,17,54,41,515,343,-1,19,54,42,531,367
0,1,-0,19,63,33,529,375,1,19,56,43,553,349
1,1,4,19,59,34,528,366,4,21,63,34,566,337
1,1,-1,20,66,31,557,343,-8,19,55,35,564,372
1,1,5,18,65,34,509,350,0,17,62,35,541,350
0,1,-7,17,62,33,563,359,6,19,54,46,537,355
0,1,3,20,58,36,534,340,0,20,59,32,576,367
1,1,-0,17,62,35,542,351,0,18,54,37,553,364
1,1,-9,16,64,33,571,399,3,16,61,37,506,365
0,1,-1,18,54,37,542,338,4,20,56,38,549,342
1,1,1,17,54,42,516,346,0,21,59,32,574,365
1,1,4,17,63,37,564,350,1,20,56,38,544,361
0,1,-1,20,66,31,556,344,3,20,59,41,561,362
1,1,4,17,63,37,564,349,-0,19,63,34,531,375
1,1,1,18,62,36,535,355,-1,19,54,43,532,370
1,1,1,19,56,43,551,351,-1,18,54,37,543,340
0,1,0,20,49,44,556,355,-0,17,62,35,542,349
0,1,3,20,58,36,533,339,-2,18,61,33,521,360
0,1,4,20,63,34,566,337,0,18,54,36,556,367
1,1,6,18,65,35,509,349,5,19,59,34,529,366
0,1,-8,19,56,35,566,372,-7,18,61,33,562,361
1,1,6,19,53,47,535,357,-0,16,52,49,544,362
1,1,-0,19,63,34,532,375,0,21,59,32,574,368
1,1,-0,17,62,35,544,350,3,16,61,36,505,361
0,1,-7,21,56,35,575,358,-1,18,63,33,559,369
0,1,0,20,56,38,545,361,4,20,56,38,550,342
1,1,4,17,63,37,565,350,-1,19,54,42,533,371
0,1,1,19,56,43,548,353,3,16,61,36,505,362
0,1,4,19,58,34,529,366,-0,16,52,49,542,361
1,1,0,20,49,44,557,358,1,18,55,36,554,368
0,1,-9,16,64,32,570,393,-1,18,54,37,542,345
1,1,-1,20,66,31,557,343,6,18,65,35,510,351
1,1,-0,17,62,35,544,351,3,20,59,35,532,340
1,1,3,20,59,41,561,362,1,18,62,36,533,355
1,1,-4,20,59,32,573,337,3,20,63,34,568,337
1,1,4,19,58,34,527,369,1,17,54,42,516,347
1,1,-0,19,63,34,532,378,-8,19,56,35,568,369
0,1,3,20,59,41,561,362,4,20,56,38,548,340
1,1,-1,18,61,33,520,358,-3,20,58,32,572,336
0,1,0,17,62,35,545,352,-7,18,62,33,563,360
1,1,0,17,62,35,546,352,-2,19,54,42,536,374
0,1,0,21,59,33,574,369,6,19,53,46,534,356
0,1,4,17,64,37,565,348,1,18,62,37,534,354
1,1,0,18,55,36,552,371,3,20,63,34,567,341
0,1,-0,16,52,50,542,362,3,16,61,36,503,363
0,1,1,20,49,44,557,355,-1,18,54,37,543,349
1,1,0,17,62,35,544,352,6,18,65,35,509,351
1,1,0,20,60,32,571,371,2,20,59,35,535,341
0,1,0,20,55,38,546,359,-1,20,66,31,555,342
1,1,3,20,60,41,561,364,6,18,65,34,509,351
0,1,-8,21,56,35,576,357,1,17,54,42,518,346
1,1,-4,20,58,33,572,340,6,19,53,47,535,357
1,1,1,19,56,43,550,355,-6,18,62,33,564,362
1,1,-8,19,56,35,566,370,-0,19,62,35,532,378
1,1,0,20,55,38,548,359,-9,16,64,32,572,396
1,1,-0,18,64,32,558,366,0,17,62,35,544,352
1,1,0,17,62,35,544,351,-7,18,62,33,563,362
1,1,0,18,55,36,553,369,6,18,53,47,535,358
0,1,3,20,63,33,567,339,4,17,63,37,564,346
1,1,2,20,59,36,533,343,4,19,59,34,527,369
0,1,-1,20,66,31,554,342,-1,18,54,37,542,349
1,1,-2,19,54,42,534,374,0,18,64,32,558,364
0,1,0,20,49,44,555,356,-1,18,61,33,519,359
1,1,-3,20,58,33,570,341,-2,19,54,42,535,371
0,1,3,20,63,33,568,338,-0,19,62,35,533,377
1,1,0,20,55,38,548,361,1,19,55,43,549,350
0,1,-8,19,56,35,565,370,-1,18,61,33,522,358
1,1,4,20,56,38,550,341,3,16,61,36,502,364
1,1,-0,16,52,49,542,366,5,18,65,35,510,355
1,1,1,17,54,43,519,347,4,17,63,36,564,343
0,1,4,20,59,41,559,363,0,20,60,33,570,372
0,1,1,18,62,36,533,354,0,17,62,35,543,350
1,1,-1,20,66,32,557,346,-9,16,65,33,573,400
1,1,-7,18,62,32,561,366,-0,18,64,32,557,362
0,1,0,17,62,35,543,351,0,20,49,44,556,357
0,1,6,19,53,46,532,358,2,20,58,36,533,343
0,1,-8,19,57,34,563,369,4,18,59,34,526,372
1,1,-0,18,55,38,540,350,-9,16,65,32,572,398
0,1,3,16,61,37,503,366,-8,21,56,35,579,359
1,1,-0,19,62,35,533,376,5,18,64,34,511,357
0,1,-2,19,54,42,536,374,2,17,54,42,517,347
1,1,-0,16,52,49,543,365,1,20,60,33,569,373
1,1,0,18,55,36,552,367,-3,20,58,33,569,343
1,1,1,18,63,36,537,355,5,18,59,34,528,369
1,1,4,20,56,38,554,345,4,17,63,36,563,344
1,1,1,19,55,44,551,353,0,20,49,44,553,358
1,1,0,18,62,35,532,373,3,20,59,41,561,362
0,1,1,20,56,39,548,364,0,20,60,33,572,374
0,1,2,20,62,33,567,339,-1,18,61,33,522,355
0,1,-9,16,64,32,574,400,0,17,62,35,542,352
0,1,0,17,62,35,541,351,0,18,55,38,540,350
0,1,-8,21,56,35,578,359,-8,19,57,34,561,370
1,1,6,19,53,46,532,357,-1,20,65,31,555,343
1,1,3,16,61,37,504,367,2,20,58,36,532,344
0,1,-3,20,58,33,569,342,-0,18,64,32,558,359
1,1,4,18,59,34,528,373,0,18,55,38,540,348
1,1,-7,18,62,32,560,362,0,18,55,35,553,367
1,1,2,17,54,43,520,348,2,20,62,33,567,339
1,1,4,18,64,34,513,357,-2,19,55,42,537,375
1,1,0,19,49,44,553,358,-7,21,56,35,577,357
0,1,0,18,62,35,533,372,3,20,59,41,561,364
1,1,3,16,61,37,506,367,-1,20,65,32,555,343
1,1,0,17,62,35,542,353,1,20,60,33,573,372
1,1,0,20,56,38,549,363,0,17,62,35,542,352
0,1,4,20,56,39,555,347,-4,20,58,33,571,345
0,1,1,18,63,36,537,353,-0,16,52,49,542,365
0,1,-10,16,65,32,573,399,-0,18,61,33,521,353
0,1,5,18,58,35,527,368,0,18,55,35,556,367
0,1,-0,18,64,32,558,359,0,18,55,38,540,353
1,1,2,17,54,43,519,348,-6,18,62,32,560,362
0,1,2,20,59,36,531,348,-1,20,65,32,555,344
1,1,4,17,63,37,562,348,2,20,62,33,569,340
1,1,-8,19,57,34,561,370,1,18,63,36,538,354
1,1,5,19,53,46,532,356,3,16,61,37,504,367
1,1,1,19,55,44,550,353,0,20,60,33,572,373
0,1,0,17,62,35,542,353,0,17,62,35,542,353
1,1,4,20,56,39,553,347,-3,20,58,33,570,345
1,1,0,18,62,35,533,370,0,16,52,50,541,367
0,1,4,18,64,34,514,356,0,20,56,39,548,365
0,1,-10,16,65,32,573,401,3,20,59,40,561,363
1,1,2,17,54,43,517,347,0,18,55,38,539,356
1,1,2,20,59,36,533,347,0,18,55,35,558,366
0,1,-2,19,54,41,539,372,-1,20,65,32,556,341
0,1,-2,19,55,42,539,371,-1,20,65,31,556,342
1,1,4,18,58,35,525,369,4,18,64,34,514,357
1,1,4,17,63,37,563,347,-0,16,52,49,542,365
1,1,-0,18,64,32,557,357,-6,18,62,32,558,361
0,1,1,19,55,44,548,355,0,17,62,35,543,353
0,1,-7,19,57,33,558,368,0,20,61,32,576,373
0,1,6,19,53,47,533,354,0,17,62,35,543,353
0,1,-0,18,61,34,521,351,1,20,56,39,549,362
0,1,0,18,62,35,532,369,-3,20,58,33,568,346
0,1,-10,16,65,32,574,399,4,20,56,39,553,344
1,1,-7,21,56,35,579,356,-7,18,62,32,559,362
1,1,-2,19,55,42,538,369,3,20,60,40,563,362
0,1,-7,21,56,36,578,355,1,17,62,35,543,352
1,1,1,18,62,36,537,353,-7,19,58,33,557,369
1,1,4,17,63,37,562,350,1,17,62,35,542,352
1,1,1,20,62,33,569,342,-1,20,66,31,556,343
0,1,2,20,59,36,533,348,0,18,55,38,539,354
1,1,-0,16,52,49,544,367,0,20,49,44,553,358
1,1,2,16,61,37,508,369,-0,18,61,34,522,352
1,1,0,18,64,32,557,354,1,20,56,39,550,362
1,1,2,17,55,43,516,347,0,18,55,36,559,365
1,1,0,18,61,36,532,372,4,17,63,37,561,349
0,1,-2,19,54,42,538,368,5,18,59,35,525,371
0,1,4,18,64,34,515,359,1,20,61,33,575,372
0,1,-7,18,62,32,559,363,-3,20,58,33,568,347
1,1,1,20,63,33,568,342,3,20,60,40,561,363
1,1,2,20,59,36,532,349,4,20,56,39,555,343
0,1,2,16,61,37,507,371,0,18,55,38,539,356
0,1,-8,19,58,33,560,370,2,20,59,40,561,367
0,1,-7,21,56,36,578,357,6,19,52,47,531,354
0,1,1,20,56,39,552,364,2,17,55,43,516,346
0,1,-0,18,61,34,522,353,5,18,59,35,525,368
1,1,-0,16,53,49,544,366,1,18,63,37,538,353
1,1,0,18,64,32,559,354,-10,16,66,32,574,401
0,1,1,19,55,44,549,353,0,20,49,44,555,359
0,1,-1,20,66,31,557,342,1,18,63,37,540,356
1,1,4,18,64,34,515,358,1,18,65,32,558,353
0,1,2,16,60,37,508,371,1,17,62,35,543,353
1,1,2,20,63,33,569,340,1,17,62,35,543,352
0,1,-3,20,59,32,570,347,2,20,58,36,531,348
1,1,4,17,63,37,562,349,1,18,62,35,534,370
1,1,-1,18,61,34,525,355,-7,18,62,32,557,363
1,1,5,18,59,35,525,366,-7,21,56,36,577,358
0,1,1,19,56,43,549,354,-0,18,62,35,536,372
1,1,0,20,56,39,555,365,0,16,53,50,544,366
1,1,6,19,52,47,531,353,4,20,56,38,554,343
1,1,0,18,55,35,561,365,-2,18,55,42,539,369
0,1,0,18,55,38,538,358,0,20,49,44,557,356
1,1,1,20,61,33,575,372,-10,16,65,32,575,398
0,1,-8,19,58,33,561,373,3,20,59,40,561,367
0,1,-1,20,66,31,556,345,3,17,55,43,516,344
1,1,0,17,62,35,543,353,0,17,62,35,543,353
1,1,2,17,60,37,508,370,0,18,64,32,559,353
1,1,-3,20,59,32,570,347,4,17,63,37,563,348
1,1,3,20,56,38,554,347,2,20,58,36,532,346
0,1,2,20,63,33,568,340,6,18,59,35,524,364
1,1,0,18,55,35,560,366,-8,19,58,33,562,372
1,1,6,19,52,47,531,352,-7,18,62,32,558,364
0,1,0,18,55,38,538,361,3,17,55,43,515,345
0,1,3,20,60,40,562,369,1,20,49,44,555,356
1,1,-8,21,56,35,578,356,-10,16,65,31,575,398
0,1,1,19,61,33,573,370,0,19,56,43,550,357
0,1,-2,18,54,42,539,368,0,17,62,35,543,351
0,1,0,20,56,38,554,366,1,18,63,37,542,358
1,1,4,18,64,34,515,355,0,18,62,36,535,371
0,1,2,17,60,38,510,367,4,20,56,38,555,347
1,1,6,18,59,35,524,364,0,18,64,31,557,353
1,1,-0,18,61,34,524,353,-2,19,54,41,539,367
0,1,-7,18,62,32,558,365,4,17,63,37,563,348
1,1,1,17,62,35,543,351,-10,16,65,32,574,394
1,1,2,20,58,36,534,346,0,19,56,43,549,357
0,1,0,16,53,50,547,365,-1,20,66,31,558,344
1,1,2,20,60,40,561,370,1,20,49,44,557,355
0,1,-3,20,59,32,570,346,0,18,55,35,559,364
1,1,1,20,61,33,574,368,-8,21,56,35,576,356
1,1,6,18,52,47,531,352,4,18,64,34,515,356
0,1,0,19,55,35,557,364,4,17,64,36,563,346
1,1,-7,18,62,32,558,363,1,17,62,35,543,350
0,1,0,18,64,31,557,351,-3,20,59,32,569,345
0,1,1,18,63,37,545,359,2,20,63,33,570,340
1,1,4,20,56,38,554,347,-8,19,58,33,561,371
1,1,6,18,59,35,525,362,-10,16,65,32,573,394
0,1,-3,18,54,41,542,369,0,19,56,42,548,357
1,1,0,16,53,50,546,364,-0,18,61,34,524,353
1,1,2,20,58,36,536,345,2,17,60,38,510,365
1,1,0,20,56,39,555,368,-1,20,66,31,557,342
0,1,1,19,49,44,559,353,0,18,61,36,537,372
1,1,3,17,55,43,517,344,6,18,52,48,532,352
0,1,0,20,56,39,554,367,-0,18,61,34,526,356
1,1,1,20,61,33,575,368,-3,20,59,32,568,342
1,1,0,18,55,38,538,362,0,16,53,50,548,365
1,1,1,17,63,35,544,352,3,20,60,40,563,370
1,1,-3,18,55,41,542,370,-0,18,64,31,557,350
1,1,2,17,60,38,512,366,0,19,55,35,560,365
1,1,-1,20,66,31,556,345,2,20,63,33,569,339
1,1,-7,18,62,32,558,363,-10,16,65,32,576,392
1,1,4,18,64,34,514,357,0,19,56,42,550,356
1,1,4,17,64,36,562,346,1,19,49,44,561,353
0,1,1,17,63,34,544,352,2,20,58,36,535,346
1,1,6,18,52,48,532,353,-7,21,56,35,575,356
1,1,4,20,56,38,552,345,6,18,60,34,525,362
1,1,1,18,63,37,548,358,-8,19,58,33,562,373
0,1,1,17,63,34,544,352,0,18,55,38,539,363
0,1,-0,18,64,31,556,352,3,17,55,43,518,344
0,1,0,18,62,36,539,371,0,18,61,34,527,355
1,1,0,19,49,44,564,353,-10,16,65,32,574,393
1,1,1,20,61,33,575,369,2,20,63,33,572,338
1,1,-3,20,59,32,570,342,-8,21,56,35,576,358
1,1,2,20,60,40,565,369,-0,20,56,39,555,370
0,1,6,18,60,34,525,364,4,17,64,36,562,346
1,1,4,20,56,38,553,345,4,18,64,34,515,357
1,1,-1,20,66,31,555,344,0,16,53,50,549,367
1,1,0,19,56,42,548,356,2,19,63,37,545,356
0,1,-3,18,55,42,542,371,6,18,52,48,533,354
1,1,1,17,63,34,545,352,2,19,63,36,545,355
0,1,0,18,55,38,539,363,3,20,60,40,564,370
1,1,3,17,55,43,516,344,0,19,55,35,561,366
0,1,-0,18,62,36,538,372,-6,18,62,32,555,363
1,1,1,17,63,34,544,352,5,18,60,34,524,366
1,1,-0,18,64,31,556,352,2,17,59,38,512,365
0,1,0,18,61,34,526,353,2,20,58,36,534,344
1,1,-0,16,53,50,547,370,-8,19,58,33,563,371
0,1,4,21,56,38,552,342,6,18,52,48,534,355
0,1,-8,21,56,36,573,358,1,20,61,32,573,370
1,1,0,19,57,42,547,354,-10,16,65,32,574,395
0,1,-3,20,59,32,568,344,-3,18,55,42,542,372
1,1,-6,18,62,32,556,362,-0,19,55,35,561,367
1,1,4,18,64,34,513,357,4,17,64,36,562,344
1,1,2,20,59,36,535,345,1,20,63,33,572,337
1,1,4,17,63,36,563,344,0,18,55,39,541,364
1,1,0,16,52,50,546,369,-0,18,62,36,538,371
1,1,-0,20,55,39,557,371,-9,19,58,33,561,373
0,1,1,19,63,36,545,355,3,20,61,40,565,374
0,1,1,20,49,45,564,354,-1,20,65,31,553,343
1,1,4,17,55,43,516,342,1,17,63,34,544,352
1,1,1,17,63,34,544,352,1,17,59,38,514,366
1,1,5,18,60,34,525,368,1,20,61,32,571,368
1,1,0,18,64,31,555,351,0,18,61,35,526,354
1,1,-6,18,62,32,555,361,-7,21,56,35,571,357
1,1,3,20,58,37,534,343,6,18,52,48,533,355
0,1,1,20,63,33,573,338,-3,20,59,32,568,345
0,1,4,21,56,38,552,344,-1,19,55,35,559,366
0,1,1,19,49,45,564,351,-2,18,55,42,541,370
0,1,0,19,56,39,543,364,-0,18,62,36,537,371
0,1,1,19,57,42,545,352,-11,16,65,32,573,394
0,1,1,19,63,37,547,356,3,20,60,40,564,374
0,1,1,17,63,34,544,352,-0,18,61,34,528,353
1,1,0,16,52,50,544,369,-0,20,55,40,556,369
0,1,-9,19,58,32,562,375,4,17,64,36,563,344
1,1,4,18,64,34,513,356,-1,20,66,31,551,344
1,1,1,19,61,32,571,370,1,18,64,31,555,349
0,1,1,17,59,38,514,369,4,17,55,43,515,342
0,1,-6,18,62,32,555,358,1,17,63,35,545,351
1,1,4,17,55,43,515,342,-3,20,59,32,568,343
0,1,-0,20,55,40,557,369,1,20,63,32,573,337
1,1,3,20,58,37,536,341,1,17,59,38,514,369
0,1,-8,21,56,35,570,359,1,18,64,31,553,349
0,1,-0,19,54,35,558,366,4,21,55,38,550,345
0,1,-9,19,58,32,564,376,4,18,64,34,512,356
0,1,1,19,63,37,549,356,-1,20,65,31,551,342
1,1,6,18,52,48,533,355,5,18,60,34,523,368
1,1,-10,16,65,31,570,393,-2,18,55,42,542,369
1,1,-0,18,61,34,528,353,1,19,61,32,571,371
1,1,1,19,49,45,565,351,4,21,55,38,550,343
1,1,0,16,53,50,544,368,0,19,55,38,543,364
0,1,-1,19,54,35,559,366,3,20,58,37,536,342
0,1,-6,18,62,32,555,358,-3,20,59,32,569,345
1,1,1,19,63,37,548,358,0,19,56,42,544,352
1,1,4,17,64,37,564,343,4,18,64,34,511,355
0,1,-1,20,65,32,553,340,-0,18,62,36,536,371
1,1,1,17,63,34,544,351,-1,20,55,39,557,369
1,1,1,16,53,50,543,365,1,20,63,32,573,336
0,1,1,18,64,31,553,350,1,17,63,34,544,350
0,1,6,18,52,48,534,355,0,17,59,38,516,373
1,1,3,20,60,40,563,373,-0,19,55,38,542,363
0,1,0,18,61,34,528,352,0,19,61,32,570,372
1,1,-1,19,54,35,562,367,1,17,63,35,544,350
1,1,5,18,60,34,523,370,-7,21,56,35,569,360
0,1,4,17,55,44,516,340,4,21,56,38,551,346
0,1,-10,16,65,31,569,392,-9,19,58,32,563,376
0,1,3,20,61,40,566,373,-0,18,62,36,534,371
0,1,0,18,64,31,554,351,-2,18,55,42,542,368
1,1,0,17,59,38,517,372,-6,18,62,32,555,358
1,1,-1,20,65,32,552,342,1,16,53,49,543,365
1,1,1,18,63,37,549,357,0,19,56,42,545,352
0,1,5,18,52,47,534,354,3,19,58,37,535,344
0,1,1,19,49,45,566,353,1,18,63,35,544,350
1,1,-9,19,59,32,562,377,-10,16,65,32,570,391
1,1,-0,19,55,38,544,362,4,18,64,34,512,354
0,1,-3,20,59,32,568,345,-1,20,55,39,558,371
0,1,-0,18,61,34,529,353,4,17,55,44,516,343
0,1,-8,21,56,35,568,361,-1,20,55,40,559,371
0,1,-2,18,55,42,544,370,4,21,55,38,551,349
1,1,3,20,61,40,568,375,1,20,63,32,574,336
1,1,5,17,64,36,561,343,1,19,61,32,569,376
1,1,6,18,60,34,522,368,5,18,52,48,535,354
1,1,-1,19,54,35,562,366,1,18,63,35,545,351
0,1,-8,19,59,32,562,376,1,17,59,38,516,370
0,1,0,18,62,36,535,373,4,21,56,38,553,350
1,1,1,20,49,45,568,353,-0,19,57,41,546,353
0,1,3,20,59,37,534,344,-6,18,62,32,554,357
0,1,-8,21,56,35,567,363,-0,18,61,34,528,354
0,1,-3,20,59,32,569,345,4,17,55,44,515,341
1,1,2,19,63,37,550,356,1,16,53,49,542,365
1,1,-1,20,65,32,551,342,4,18,64,34,513,355
1,1,5,18,52,48,534,354,-1,20,55,40,559,370
1,1,1,18,63,35,544,352,2,19,63,37,552,356
0,1,-1,19,54,35,563,365,6,18,60,35,522,368
1,1,-0,19,56,38,544,364,0,19,61,32,569,376
0,1,5,17,64,36,561,344,0,18,64,31,555,351
1,1,1,19,63,32,576,337,1,20,49,45,567,353
0,1,-0,18,61,34,529,355,1,17,63,35,543,352
0,1,-8,20,56,35,568,364,-6,18,62,32,554,356
1,1,4,17,55,44,516,341,1,17,58,38,516,368
1,1,3,20,61,40,569,375,3,20,59,37,534,344
0,1,-3,20,59,32,571,345,-0,19,56,42,545,354
1,1,-2,18,55,42,546,371,-8,19,59,32,562,376
1,1,4,18,64,34,514,353,1,16,53,50,543,366
0,1,-0,18,61,34,530,356,1,18,63,35,544,353
1,1,-1,20,65,31,550,340,0,19,61,32,570,375
1,1,-1,19,54,35,564,365,5,18,60,34,524,367
1,1,-10,16,65,32,571,394,4,17,63,37,561,343
0,1,-0,18,61,36,534,376,1,17,58,38,515,369
1,1,4,21,55,38,552,349,-1,20,55,40,559,370
0,1,1,19,62,32,575,338,1,19,62,37,553,358
1,1,-3,20,59,32,573,346,-1,19,54,35,563,365
0,1,-6,18,62,32,553,355,-0,19,57,41,544,355
1,1,0,16,52,50,544,367,4,17,55,44,515,342
0,1,1,17,63,35,544,352,5,18,52,48,533,353
1,1,4,18,64,34,515,353,1,20,49,46,566,355
0,1,-8,20,56,34,568,364,-2,18,55,42,545,371
1,1,-0,19,56,38,542,365,3,20,58,37,536,344
0,1,1,17,63,35,545,353,3,20,61,40,569,373
0,1,-8,19,59,32,562,376,1,18,64,31,554,351
0,1,-1,20,65,32,550,340,3,20,58,37,536,344
0,1,-10,16,65,32,571,393,1,19,62,37,551,358
0,1,4,17,63,37,562,344,1,17,58,38,516,368
1,1,0,19,62,32,575,337,-1,20,55,40,560,370
0,1,-6,18,62,32,553,354,5,18,60,35,524,368
1,1,4,21,56,38,553,350,-0,18,61,34,528,358
1,1,-1,19,55,35,563,365,0,19,57,41,542,356
0,1,1,17,63,35,545,353,-0,18,62,36,532,378
0,1,1,19,49,45,568,353,4,18,64,34,515,353
1,1,0,16,52,50,542,368,1,18,63,35,546,354
1,1,-8,19,59,32,562,378,5,18,52,48,534,352
0,1,3,20,61,40,571,372,4,17,55,45,513,343
1,1,-8,20,57,34,569,362,-2,18,56,42,545,370
1,1,0,19,61,32,571,376,4,17,63,37,563,345
0,1,-1,20,55,39,560,371,3,20,58,37,537,344
1,1,-10,16,65,32,570,391,-3,20,60,32,572,345
1,1,-0,18,61,34,529,359,-7,20,57,35,568,361
1,1,2,19,62,37,550,357,1,17,58,38,516,368
0,1,1,19,62,33,575,337,-1,20,65,32,551,340
0,1,-6,18,62,32,553,353,5,18,60,34,524,370
0,1,1,18,63,35,546,355,4,17,55,45,512,344
0,1,-10,16,64,32,569,390,0,19,49,45,568,353
0,1,1,18,64,31,553,353,3,20,61,41,572,373
0,1,6,18,60,35,526,368,4,21,56,38,552,348
1,1,-1,19,54,35,562,366,4,18,63,34,516,351
0,1,-0,18,62,36,532,375,5,18,52,48,534,352
1,1,0,19,56,38,540,363,1,16,52,50,543,365
1,1,-8,19,59,32,562,376,-0,20,64,32,551,339
1,1,0,19,61,32,573,374,2,19,62,37,550,356
0,1,4,17,55,44,512,344,-2,18,56,41,545,370
0,1,-7,20,57,34,569,359,4,17,64,36,563,346
1,1,1,17,63,34,546,355,-3,20,60,32,573,348
0,1,1,17,58,38,516,367,3,20,60,41,569,373
1,1,1,18,64,31,553,354,-0,18,62,36,532,374
1,1,5,18,60,35,527,370,-0,18,62,34,527,358
0,1,-1,20,55,40,560,372,5,18,52,47,534,352
0,1,-10,16,64,32,568,392,4,18,63,35,518,353
1,1,1,17,63,34,547,354,1,16,53,50,542,367
0,1,-0,20,64,32,552,338,0,19,49,45,566,354
0,1,-6,18,62,32,553,354,4,21,56,38,552,348
1,1,-8,19,59,32,561,375,1,19,62,33,574,339
1,1,-0,19,57,41,541,357,5,18,52,47,534,352
0,1,-1,18,61,33,529,356,3,20,60,41,568,373
0,1,0,19,56,38,541,364,-3,20,60,32,572,348
1,1,1,18,64,31,552,355,-0,19,55,35,563,366
1,1,3,20,58,37,535,344,4,17,64,36,562,347
0,1,-2,18,56,42,546,370,5,21,56,38,551,345
1,1,4,18,63,35,516,353,0,16,53,50,541,367
1,1,1,19,61,33,571,374,-0,18,62,36,533,375
1,1,-10,16,64,33,568,392,1,17,63,35,547,353
1,1,-0,20,64,32,552,340,-3,20,60,32,572,347
0,1,-8,19,59,32,560,375,0,19,62,33,574,339
0,1,-8,20,57,34,570,359,-1,19,55,35,564,368
1,1,4,17,55,44,513,346,1,19,62,33,571,372
0,1,-2,20,54,40,560,372,0,19,56,38,542,364
0,1,1,17,58,38,516,367,4,17,64,36,563,346
1,1,1,19,62,37,549,357,1,17,63,34,547,355
0,1,5,21,56,38,552,346,1,18,64,32,552,354
0,1,-8,19,59,32,560,376,0,16,53,50,542,369
1,1,0,19,57,41,541,358,3,20,60,41,567,373
0,1,3,20,58,37,536,344,-0,18,62,36,534,374
1,1,-6,18,62,32,553,354,-2,18,56,42,548,371
1,1,4,18,63,35,516,354,0,19,49,45,567,353
0,1,1,17,58,38,516,369,6,18,60,34,526,369
1,1,-3,20,60,32,571,348,-1,18,61,34,529,359
1,1,1,17,63,34,547,355,-8,20,57,34,571,359
0,1,0,19,56,38,543,362,1,19,62,37,549,358
1,1,1,19,62,33,573,338,-9,16,64,33,567,390
0,1,3,20,60,41,567,374,5,18,52,48,533,353
1,1,-0,21,64,32,551,339,1,18,63,35,547,355
1,1,4,18,63,35,517,353,-8,19,59,32,562,376
0,1,1,19,62,33,573,372,-2,18,56,42,548,370
0,1,0,19,49,45,567,352,0,16,53,50,542,367
1,1,4,17,55,44,512,347,-10,16,64,33,568,390
1,1,-0,19,55,35,564,367,3,20,59,37,537,348
0,1,-1,18,61,34,530,360,4,17,64,36,563,346
1,1,-0,18,62,36,535,376,1,18,63,35,547,355
0,1,1,18,64,31,551,353,5,21,56,38,551,344
0,1,0,19,57,42,541,358,-2,20,55,39,559,373
1,1,-3,20,60,32,571,348,3,20,58,37,538,351
1,1,1,19,62,33,571,337,-6,18,62,32,553,354
1,1,0,19,56,37,542,360,1,19,62,37,550,356
0,1,0,17,58,38,516,370,6,18,60,34,527,368
1,1,4,18,63,35,518,353,-8,19,59,32,563,375
1,1,-1,18,62,33,530,362,-10,16,64,33,569,389
1,1,2,20,59,41,568,374,1,18,63,35,547,356
0,1,-0,19,57,41,542,358,4,17,55,44,512,345
1,1,-0,21,64,32,551,339,1,19,62,37,551,357
1,1,6,18,52,48,534,353,-2,18,56,41,549,368
1,1,0,16,53,49,542,368,5,21,56,38,550,342
0,1,-2,20,55,39,559,372,1,18,64,31,551,354
1,1,1,19,62,33,573,374,-8,20,57,34,570,359
0,1,0,19,49,45,569,351,-6,18,62,32,552,353
1,1,2,20,59,41,569,374,-0,19,57,41,543,359
1,1,1,18,63,35,548,356,-3,18,56,41,548,369
1,1,4,17,64,36,564,343,5,17,55,45,511,344
0,1,1,19,56,38,542,360,1,19,62,33,571,336
0,1,-0,20,55,35,564,368,0,17,58,38,516,370
1,1,1,18,64,35,548,356,5,21,56,38,551,343
1,1,6,18,52,48,535,350,-10,15,64,33,570,391
1,1,-6,18,62,32,554,352,0,19,49,45,569,352
1,1,6,18,60,35,527,368,-8,19,60,32,564,378
0,1,-0,21,64,32,549,340,1,18,64,31,551,352
1,1,1,19,61,33,573,372,-1,18,62,33,531,361
0,1,1,18,64,35,548,356,4,18,63,36,519,352
1,1,-3,20,60,32,571,347,1,18,58,38,516,371
0,1,1,16,53,49,543,367,-0,18,62,36,535,377
0,1,-2,20,55,39,559,375,1,19,62,37,551,357
0,1,-2,20,55,39,558,375,2,19,62,33,571,338
0,1,-3,18,56,41,548,370,0,19,49,45,567,352
1,1,0,19,56,38,541,363,1,18,64,32,552,352
1,1,3,20,58,37,537,351,-8,19,60,32,564,377
0,1,-1,19,57,41,543,359,1,18,64,35,548,357
0,1,3,20,59,42,570,373,-0,18,62,36,534,377
0,1,-8,20,57,34,569,359,4,17,55,44,513,345
1,1,4,17,64,36,564,342,5,21,56,38,551,344
1,1,1,18,64,35,548,356,6,18,60,34,527,366
0,1,1,19,62,37,550,358,-6,18,62,32,551,352
1,1,1,19,62,33,571,373,-1,19,55,35,564,369
1,1,-1,18,62,34,531,361,6,18,52,48,534,349
1,1,4,18,64,36,520,351,-2,20,60,32,570,345
1,1,0,16,53,49,541,368,2,19,62,33,570,336
0,1,4,18,63,36,520,350,0,19,56,38,542,364
0,1,-10,15,64,33,572,391,-1,19,57,41,543,358
0,1,-3,18,56,41,550,372,4,17,56,44,513,344
0,1,1,18,64,32,554,354,-0,21,64,32,550,341
1,1,3,20,58,37,537,350,-1,19,54,35,565,367
0,1,-3,20,55,39,560,375,2,20,60,41,570,373
1,1,1,18,58,38,517,370,-8,19,60,32,566,378
1,1,1,18,64,35,549,356,-0,18,62,36,535,375
1,1,1,19,62,37,551,359,-8,20,57,34,570,358
1,1,5,21,56,38,552,344,1,19,49,45,566,352
0,1,4,17,56,44,513,346,6,18,52,48,535,349
0,1,4,17,64,36,565,341,2,19,62,33,571,338
1,1,1,16,53,49,540,369,-10,15,64,33,573,391
0,1,-1,18,62,34,533,360,-2,20,60,32,570,346
1,1,6,18,53,48,534,348,-1,19,57,41,543,357
1,1,-3,18,57,41,552,372,1,19,62,37,551,361
1,1,-8,19,60,31,566,379,-8,20,57,34,569,358
0,1,-3,20,55,39,559,375,3,20,59,41,567,371
0,1,-0,18,62,36,534,374,-0,21,64,32,551,340
1,1,1,18,58,38,518,369,1,18,64,34,548,356
1,1,5,21,56,38,552,345,1,19,62,32,570,372
1,1,1,18,64,34,549,356,4,17,63,36,563,343
0,1,6,18,60,34,526,367,3,20,58,37,538,350
1,1,4,18,64,36,522,353,1,19,56,38,543,364
0,1,-6,18,62,32,552,353,1,18,64,31,554,354
1,1,-1,19,54,35,565,368,0,19,49,46,564,353
1,1,2,19,62,33,570,335,0,19,56,38,543,362
0,1,3,20,60,42,566,373,-11,15,64,33,573,392
1,1,4,17,56,44,514,348,5,21,56,38,552,345
0,1,-0,18,62,36,533,374,-3,20,54,39,561,377
1,1,-2,20,60,32,568,345,-8,20,57,34,568,358
1,1,1,18,64,32,554,354,4,18,64,35,520,353
0,1,-6,18,61,32,552,353,1,19,62,32,571,372
1,1,5,18,60,35,527,369,-3,18,57,41,553,369
0,1,-8,19,60,31,566,378,0,21,64,32,551,340
1,1,1,18,64,34,548,356,0,19,49,45,566,353
1,1,1,18,58,38,518,367,-1,19,58,41,543,357
1,1,4,17,63,36,562,343,1,16,53,50,540,369
1,1,3,20,58,38,538,352,-1,18,62,34,533,359
0,1,1,19,62,36,551,360,1,18,64,34,549,355
0,1,-2,20,60,32,567,345,5,18,60,34,526,369
0,1,-1,18,61,34,534,360,4,17,56,44,515,348
1,1,1,16,53,49,540,368,1,19,62,36,553,360
0,1,-1,19,58,40,543,356,0,21,64,32,549,341
0,1,-8,20,57,34,569,360,-1,19,54,35,568,368
0,1,1,18,64,32,553,355,1,18,64,34,548,355
0,1,2,19,62,33,570,336,3,20,60,41,566,373
1,1,4,21,56,38,554,345,7,18,53,48,534,348
1,1,4,18,63,36,522,352,-3,20,55,39,561,377
1,1,-9,19,60,32,568,377,4,17,64,36,561,342
1,1,1,18,64,34,549,354,-10,16,64,33,574,390
0,1,1,18,58,38,519,366,-0,18,61,36,534,373
0,1,-6,18,61,32,553,353,1,19,62,32,570,374
0,1,-8,20,56,34,570,360,1,18,58,38,519,365
1,1,4,17,56,44,515,350,1,18,64,31,554,355
1,1,0,19,50,45,565,353,3,20,60,42,565,373
1,1,0,19,56,38,542,363,0,21,64,32,550,342
1,1,2,19,62,33,570,336,4,18,63,36,522,352
0,1,-3,18,57,41,553,369,3,20,59,38,538,353
1,1,1,18,64,34,548,354,-1,17,62,34,534,362
1,1,6,18,52,48,535,348,2,19,62,32,570,374
0,1,4,21,56,38,553,345,-1,19,54,35,567,369
1,1,1,18,64,34,548,353,3,17,63,36,561,342
0,1,-2,20,60,32,567,346,5,18,60,35,526,369
1,1,-10,16,64,33,574,389,-3,20,55,39,561,377
0,1,-1,19,58,41,544,356,1,19,62,36,553,361
1,1,2,19,62,33,570,336,3,19,59,38,538,354
1,1,0,21,64,32,550,344,1,18,64,34,549,353
1,1,-1,18,62,34,534,363,-0,19,54,36,569,367
0,1,3,20,60,41,565,374,1,16,53,50,540,368
0,1,1,18,64,34,548,354,4,21,56,38,554,346
0,1,-3,18,57,41,554,370,-8,20,56,34,571,360
0,1,-6,18,61,32,552,354,-8,19,60,32,568,376
1,1,1,18,58,39,519,367,-2,20,60,32,567,348
0,1,0,19,50,45,564,353,1,18,64,31,553,356
1,1,6,18,52,48,535,346,2,18,62,32,569,373
0,1,4,17,56,44,514,349,4,18,63,36,521,354
0,1,-10,16,64,33,575,388,-0,18,62,36,533,373
1,1,-1,19,58,40,543,356,3,17,64,36,561,344
1,1,0,19,56,38,542,364,-3,20,55,39,561,376
1,1,-0,19,55,36,570,365,-2,20,60,32,566,346
1,1,1,19,62,36,555,358,4,18,63,36,521,355
1,1,7,18,53,48,534,346,1,18,64,34,548,355
0,1,1,18,57,38,518,364,4,21,56,38,556,345
0,1,1,18,64,34,547,356,0,19,56,38,543,365
1,1,1,18,64,31,554,356,-8,20,56,34,571,360
0,1,0,19,50,46,565,353,-10,16,64,33,574,390
0,1,-3,20,55,39,562,376,1,16,53,49,539,367
1,1,3,17,63,36,560,343,3,20,60,41,565,374
0,1,-1,18,62,34,534,363,-8,19,60,31,567,376
0,1,6,18,60,35,525,369,-6,18,61,32,552,354
1,1,1,18,62,32,572,372,4,17,56,45,516,351
1,1,0,21,64,32,549,342,-1,19,58,40,543,355
0,1,3,19,59,38,539,354,-3,18,57,41,553,370
1,1,-0,18,62,36,533,374,2,19,62,33,570,336
0,1,2,17,55,47,553,371,6,19,60,37,524,347
0,1,1,16,57,44,521,367,3,18,56,40,552,372
1,1,-3,17,56,37,554,376,0,19,63,32,518,370
1,1,5,21,61,43,539,349,3,21,62,31,535,368
1,1,7,20,62,37,504,357,6,19,61,37,524,346
1,1,-6,15,52,39,508,392,2,18,68,43,561,393
0,1,0,16,59,37,520,361,2,20,62,34,565,343
1,1,7,19,59,36,501,338,-0,19,63,32,519,376
1,1,-3,16,56,37,553,374,-12,15,58,38,559,390
0,1,-12,17,63,29,549,377,-7,17,55,40,558,379
0,1,-6,17,55,36,582,326,-10,17,63,37,582,365
1,1,11,24,62,36,533,345,-2,16,63,34,545,378
1,1,1,19,55,39,560,378,1,21,59,39,552,374
1,1,3,18,56,37,525,319,1,17,54,47,559,370
0,1,0,15,56,44,520,368,5,15,65,35,522,357
1,1,0,19,53,45,539,350,-9,17,63,37,577,369
1,1,0,17,54,47,553,383,0,21,59,39,551,375
0,1,1,17,54,47,553,376,7,19,59,36,502,341
0,1,-2,16,57,37,552,372,-0,16,59,37,523,363
1,1,0,16,56,44,522,370,-12,17,63,29,547,377
0,1,-11,16,62,33,571,382,5,15,65,35,523,358
0,1,0,21,59,39,554,374,-6,15,52,39,509,391
0,1,6,19,60,38,528,351,9,17,54,48,500,370
0,1,3,19,56,40,547,370,5,21,61,43,539,345
0,1,-2,16,63,33,546,380,-7,18,56,39,561,376
0,1,3,20,62,34,564,344,4,18,56,37,522,314
0,1,1,17,67,43,561,395,3,20,62,30,534,365
1,1,0,18,54,46,561,367,-12,15,57,38,564,385
1,1,1,19,53,45,539,349,-6,17,55,36,581,329
0,1,8,20,63,38,506,358,-0,19,63,32,520,376
1,1,5,15,65,35,520,356,1,19,54,45,538,349
0,1,-0,19,63,32,523,374,10,17,54,49,501,368
1,1,3,19,57,39,547,375,6,21,61,43,538,344
0,1,0,21,59,39,555,373,1,18,55,47,561,365
1,1,1,19,55,39,559,377,11,24,62,37,533,342
1,1,7,20,63,38,507,364,7,19,59,36,504,337
1,1,4,19,60,37,530,355,-10,16,62,33,567,383
0,1,4,18,56,37,525,311,1,17,66,43,562,393
0,1,2,20,62,34,562,343,-5,15,53,39,512,387
0,1,-10,17,63,37,577,370,3,21,62,30,535,368
1,1,-2,16,57,36,554,369,-0,21,59,39,558,373
0,1,-12,15,58,38,562,389,-6,17,56,40,559,377
1,1,-7,17,55,37,588,328,0,17,54,46,555,374
0,1,-12,17,62,30,548,378,0,16,57,43,522,372
0,1,2,18,55,47,560,364,0,16,59,37,526,359
0,1,3,18,57,36,528,316,-0,21,59,39,557,371
1,1,8,20,63,38,506,367,3,19,58,39,549,373
0,1,-9,17,63,37,576,373,-2,16,63,34,548,383
0,1,1,16,57,43,521,371,5,21,61,43,541,343
0,1,3,21,63,30,538,368,11,23,61,37,534,343
1,1,10,17,54,49,502,370,-12,17,62,30,547,379
1,1,5,15,65,35,521,356,-5,16,53,39,511,385
0,1,-2,17,58,36,557,367,1,17,66,44,563,386
1,1,6,19,59,36,512,341,1,18,55,46,557,365
1,1,2,20,62,34,564,340,-6,17,56,40,555,380
0,1,-6,17,55,37,591,325,-12,15,57,39,563,389
1,1,-1,19,63,33,528,372,-10,16,62,32,565,384
0,1,1,19,53,45,538,352,2,20,55,39,556,377
1,1,-10,17,63,37,580,374,-0,17,58,42,529,374
1,1,0,21,59,39,555,372,-11,16,62,33,564,388
0,1,3,18,57,37,533,320,11,23,62,37,532,341
0,1,0,21,59,39,553,374,-0,17,55,45,556,375
1,1,10,17,55,48,505,368,-1,16,63,34,549,378
0,1,0,16,58,38,527,356,6,21,61,44,542,339
1,1,4,19,60,38,532,350,-6,16,53,39,515,389
1,1,-6,17,55,37,592,323,-12,15,58,38,557,386
1,1,2,21,62,30,537,368,2,19,57,39,550,375
0,1,6,15,65,36,519,356,8,20,63,39,508,368
1,1,6,19,58,36,510,344,0,18,63,33,527,375
1,1,-11,17,62,30,550,376,-1,16,63,34,549,380
1,1,-6,18,56,40,558,379,2,20,55,39,556,373
0,1,1,19,54,44,539,351,1,18,55,46,556,370
1,1,1,17,65,44,560,382,2,19,58,38,552,370
1,1,-3,17,58,36,557,369,11,23,62,37,533,345
1,1,8,20,63,38,509,365,-0,17,58,42,530,375
0,1,-11,15,58,38,554,393,10,17,55,48,505,369
1,1,2,20,62,34,563,339,0,19,63,33,529,374
0,1,-6,16,53,39,520,385,-0,17,55,45,552,374
1,1,0,21,58,39,555,374,2,21,62,30,538,362
0,1,-10,17,63,37,577,372,0,21,59,39,555,373
1,1,3,18,57,37,536,321,-11,18,62,30,548,380
1,1,-1,16,63,34,548,382,0,16,59,37,528,358
1,1,0,21,59,39,556,373,-6,17,55,37,591,327
1,1,1,19,58,39,555,375,6,19,58,36,509,342
0,1,6,21,61,43,547,333,2,17,65,45,557,385
1,1,4,19,60,37,532,349,2,20,55,38,557,370
1,1,-5,18,56,40,557,377,1,18,55,46,554,371
1,1,5,15,64,36,521,356,-11,16,61,34,567,395
1,1,3,20,62,34,564,338,-1,17,58,41,531,380
1,1,0,19,54,44,544,352,2,21,62,30,540,360
1,1,10,23,62,37,536,343,-2,17,58,35,555,365
0,1,1,17,55,45,548,371,-11,15,61,34,567,395
1,1,9,19,63,39,508,362,10,17,55,48,507,366
1,1,-7,16,52,39,520,388,-12,15,58,38,558,392
1,1,3,18,58,37,535,325,-2,16,57,41,530,381
0,1,1,21,59,39,555,371,5,19,60,38,531,348
1,1,1,16,55,45,550,371,2,21,62,30,544,361
0,1,-7,16,52,39,519,386,-1,17,63,34,550,380
1,1,2,19,57,39,554,375,-2,17,58,35,554,366
1,1,2,17,65,44,558,380,6,21,61,43,549,327
1,1,0,21,59,39,556,373,8,19,63,39,508,362
0,1,-0,19,63,33,529,378,1,20,55,38,560,373
1,1,0,17,55,46,559,368,-6,17,55,37,589,328
1,1,-4,18,57,40,555,374,-11,18,62,30,551,382
0,1,6,19,58,36,508,343,4,20,62,35,560,336
1,1,-0,16,59,37,529,358,-9,17,63,38,576,372
0,1,-12,15,58,38,559,389,5,21,61,43,552,329
0,1,1,19,54,44,542,353,5,15,64,36,519,357
0,1,5,15,64,36,522,358,2,21,61,32,544,361
0,1,3,18,57,38,533,324,5,19,57,36,511,346
1,1,1,18,55,46,556,367,-7,17,55,37,588,331
1,1,-2,16,57,41,529,384,8,19,63,40,511,362
0,1,10,23,61,37,535,338,2,19,58,39,550,376
1,1,2,18,65,44,559,380,0,21,59,39,556,375
0,1,4,19,62,35,559,335,5,19,60,38,533,351
0,1,-1,19,63,32,528,378,-7,16,52,39,518,389
1,1,-3,17,58,35,556,367,-11,15,61,34,564,395
1,1,1,19,54,44,545,353,-11,18,62,31,550,385
1,1,-0,21,59,39,559,377,1,20,55,39,561,366
1,1,1,17,56,45,546,377,-1,17,63,34,548,379
1,1,1,16,60,38,527,358,-10,16,62,38,576,376
1,1,10,18,55,48,510,368,-4,18,57,40,556,376
1,1,3,18,57,38,534,327,5,21,61,43,553,330
0,1,-11,16,62,37,576,379,3,19,57,39,547,373
0,1,3,18,66,44,560,376,11,18,55,48,509,363
0,1,9,23,61,36,534,341,-5,18,57,39,555,375
1,1,2,18,56,46,553,366,6,19,58,36,508,347
1,1,-1,19,63,32,529,381,5,19,60,38,527,353
1,1,2,16,59,38,525,356,-12,15,58,38,562,388
1,1,2,21,61,32,546,359,0,21,59,39,558,375
0,1,0,21,59,39,557,376,-6,16,52,40,520,388
0,1,1,19,54,44,546,351,-1,17,63,35,546,384
0,1,-2,17,57,41,533,381,-8,17,55,37,590,335
1,1,5,15,65,36,522,361,-11,18,62,31,549,386
0,1,1,16,56,46,550,376,3,19,61,35,558,338
0,1,-11,16,62,37,575,379,8,19,63,40,511,362
0,1,5,21,61,42,551,331,-4,18,58,39,555,370
0,1,-11,15,60,34,567,394,-2,16,58,35,554,365
1,1,3,18,65,44,561,377,11,18,55,48,511,358
1,1,5,19,59,38,529,353,0,21,59,39,557,375
1,1,1,20,54,38,561,367,3,18,57,38,537,326
1,1,-1,19,63,32,526,381,-1,17,63,35,547,382
0,1,-11,18,62,31,553,386,-0,16,56,46,553,381
0,1,2,17,56,46,553,364,-6,16,52,40,519,385
0,1,2,21,61,33,546,357,5,19,58,36,508,348
1,1,3,19,57,39,548,372,-7,17,54,38,590,336
1,1,-2,17,58,34,551,366,2,18,56,38,538,328
1,1,-0,21,59,39,558,377,8,23,61,36,541,339
0,1,-10,15,60,34,566,392,0,16,56,46,553,381
1,1,10,18,55,48,513,361,6,19,58,36,505,347
1,1,6,19,60,39,531,353,-1,17,64,35,549,384
0,1,-11,18,62,32,556,386,-11,15,58,38,563,388
0,1,1,20,54,38,559,366,8,19,63,40,511,365
1,1,-4,18,58,39,551,373,5,16,65,36,521,362
0,1,0,19,54,44,549,354,4,19,61,35,557,337
1,1,3,18,65,44,561,380,-11,16,62,38,577,382
1,1,8,19,64,40,511,366,-8,17,54,37,587,337
0,1,-1,19,63,32,528,384,-0,21,59,39,558,377
1,1,2,18,56,45,553,365,4,19,57,40,546,368
1,1,4,21,61,43,552,335,10,18,55,48,512,362
1,1,2,16,59,38,526,357,-2,17,57,41,530,385
1,1,8,23,62,36,540,340,1,16,57,45,548,382
1,1,-3,18,58,39,550,373,-1,16,64,35,550,385
1,1,5,16,65,36,525,363,5,19,62,36,556,337
0,1,-2,17,58,35,554,363,-1,19,54,44,552,358
0,1,0,21,59,39,558,377,3,18,65,44,560,375
0,1,-5,16,52,40,519,383,6,19,60,39,533,354
0,1,-12,17,62,32,557,384,2,18,57,38,536,330
1,1,-10,15,58,38,562,386,-11,15,59,35,567,392
1,1,5,19,58,36,504,349,-9,17,54,37,589,339
1,1,1,20,54,39,563,368,1,20,60,33,548,358
1,1,9,18,55,48,517,364,2,18,57,37,538,331
0,1,-5,16,52,40,520,386,4,19,57,40,546,369
1,1,9,19,64,40,506,362,1,20,60,33,547,357
1,1,-2,18,58,40,546,377,-2,19,63,33,530,383
1,1,5,21,61,43,549,332,-1,19,54,45,556,360
0,1,-9,16,58,38,557,383,-2,17,58,36,555,365
0,1,2,18,56,46,555,364,5,19,61,36,558,339
0,1,-0,21,59,39,560,380,-11,16,62,37,575,381
0,1,-10,17,53,37,591,339,-1,21,59,38,559,380
1,1,5,16,65,36,525,363,3,17,66,43,559,375
1,1,1,20,54,38,563,366,-12,15,59,35,567,394
1,1,5,20,61,43,548,335,0,16,56,45,545,383
1,1,6,19,58,36,501,349,6,19,60,39,531,356
1,1,-2,19,58,40,545,378,3,17,66,43,562,378
0,1,-10,16,62,37,570,378,-11,17,62,32,557,381
1,1,8,23,61,36,537,336,1,19,57,37,539,335
0,1,4,19,57,40,547,366,1,20,60,33,549,353
1,1,-2,19,63,33,530,382,9,19,64,39,510,358
0,1,-2,17,63,36,552,388,10,18,55,49,516,361
0,1,-2,17,57,41,530,383,1,20,54,38,560,363
1,1,-0,21,59,38,558,381,-9,16,58,39,557,385
1,1,-5,16,52,40,522,385,-1,18,55,45,557,361
1,1,2,16,59,38,526,355,-2,17,58,36,552,365
1,1,1,18,55,46,555,365,5,19,61,36,558,340
1,1,5,19,60,39,533,359,9,19,64,39,512,358
1,1,8,23,61,36,539,335,5,16,65,36,526,361
1,1,-0,21,59,38,557,380,0,16,57,45,546,385
1,1,2,16,58,39,526,353,5,21,61,43,549,337
0,1,-11,17,63,32,555,383,6,19,58,36,500,351
1,1,10,18,54,49,516,355,-9,16,58,39,556,384
1,1,-2,17,63,35,548,388,1,20,54,38,558,359
1,1,-0,21,59,39,557,381,1,20,60,32,547,353
1,1,4,19,61,36,556,342,-12,15,59,35,565,395
1,1,-1,19,63,33,530,380,2,18,55,46,556,363
1,1,-10,17,53,37,594,342,-2,17,57,41,528,379
1,1,4,19,56,40,546,364,1,19,58,37,537,339
1,1,4,19,56,40,545,361,-10,16,62,38,572,378
0,1,0,16,57,45,545,387,2,17,66,42,563,380
0,1,-1,19,58,40,543,376,8,19,64,40,515,360
0,1,-1,17,63,36,548,384,-2,16,58,36,551,365
1,1,6,19,58,37,502,352,-5,17,51,40,524,383
0,1,1,20,55,37,557,363,-0,21,59,38,557,380
0,1,10,18,54,49,517,351,5,16,65,36,528,364
1,1,-12,15,58,35,563,399,-9,16,58,38,553,386
0,1,1,20,60,32,548,352,8,23,61,36,539,337
0,1,5,19,61,36,554,343,-0,21,59,39,556,380
0,1,-1,19,63,33,532,378,-2,17,56,41,528,378
1,1,-10,17,53,37,593,344,2,17,66,42,564,381
0,1,-0,21,59,39,557,378,3,16,59,39,525,351
0,1,-12,15,58,35,564,401,8,23,61,36,538,340
0,1,6,19,58,37,502,353,8,19,64,40,515,361
0,1,-11,17,63,32,554,386,4,20,61,43,552,339
1,1,1,19,58,36,537,340,-1,19,58,40,545,378
0,1,-10,16,62,37,571,377,-9,16,58,38,554,390
1,1,-2,16,59,35,555,363,-5,16,51,41,526,385
1,1,4,19,56,40,545,360,-1,17,63,36,550,381
0,1,1,18,58,36,537,339,10,18,54,48,521,349
1,1,0,20,60,32,547,354,1,20,55,37,555,365
1,1,-0,21,59,39,558,378,2,17,65,43,564,379
1,1,-1,19,63,33,535,378,-9,17,54,36,589,346
1,1,6,18,59,40,533,362,-1,17,56,41,527,378
0,1,-10,16,62,37,572,378,5,16,65,35,528,363
0,1,6,19,58,37,500,353,-11,15,58,35,563,396
1,1,-0,21,59,38,556,379,-1,16,59,35,555,361
0,1,1,18,55,45,556,365,10,18,54,49,521,347
0,1,1,20,60,32,544,353,4,16,59,39,524,350
1,1,8,23,61,36,538,337,-9,16,59,38,553,388
1,1,0,16,57,45,548,387,-0,20,59,38,556,379
0,1,-2,16,63,36,553,380,-6,17,51,40,527,385
0,1,-11,17,62,33,556,386,4,21,61,43,548,344
1,1,6,19,59,40,535,362,-1,19,63,33,535,377
1,1,8,19,63,39,513,362,-10,17,54,36,590,347
0,1,2,17,65,43,566,378,5,16,65,35,527,362
0,1,-2,17,57,41,527,381,5,19,57,40,543,359
1,1,4,19,61,36,555,344,-1,19,58,40,544,377
0,1,0,18,58,36,537,339,-9,17,54,37,589,346
1,1,-1,18,55,44,552,362,-0,20,59,38,556,378
1,1,4,21,61,43,548,344,4,16,58,40,523,350
0,1,1,18,55,45,558,364,-1,20,59,38,557,379
0,1,-10,16,62,37,571,377,6,19,57,37,504,353
1,1,-11,17,62,33,557,383,-11,15,58,35,564,397
0,1,-9,16,59,38,553,385,8,19,64,39,511,364
0,1,0,19,54,37,555,364,-5,16,51,40,526,385
0,1,-2,16,56,41,527,380,6,19,58,37,505,355
0,1,-0,18,55,44,551,361,1,16,57,45,545,386
1,1,-1,19,63,33,537,380,-1,16,59,35,556,362
0,1,-0,19,54,37,552,366,10,18,54,48,521,348
1,1,2,17,65,42,567,377,8,23,61,35,539,337
1,1,5,19,57,40,542,359,5,16,65,35,528,359
0,1,-10,17,62,37,569,375,-2,19,59,40,546,379
1,1,2,17,66,42,568,374,-0,20,59,39,556,379
0,1,-11,15,58,36,564,397,0,18,58,36,537,341
1,1,-5,16,51,41,524,383,0,20,59,32,545,357
0,1,-0,20,59,39,557,379,0,18,55,45,562,365
1,1,-9,16,59,38,555,386,-9,17,54,37,591,346
0,1,5,19,61,37,555,344,8,19,64,39,513,362
0,1,-2,17,62,35,552,381,6,18,60,40,535,362
0,1,4,21,61,42,549,344,4,16,59,40,524,351
0,1,0,18,55,46,562,367,1,16,57,46,546,389
0,1,-0,18,55,45,552,363,-1,19,63,33,540,379
1,1,-2,16,56,41,526,382,1,18,59,36,535,341
0,1,-10,17,62,33,555,383,-10,17,62,36,569,376
1,1,4,21,61,42,547,345,4,19,61,37,555,343
0,1,10,18,54,49,520,348,6,19,60,39,537,357
0,1,-12,15,58,35,567,396,-2,19,59,40,547,376
1,1,-9,16,59,38,555,384,6,19,58,37,506,354
1,1,5,19,57,40,541,356,-1,19,54,37,556,371
1,1,4,16,65,35,530,360,8,23,62,35,541,339
1,1,-0,20,59,39,558,381,-2,17,63,35,554,378
0,1,-9,17,54,37,590,344,-2,16,59,35,556,369
1,1,-10,17,62,33,554,382,9,19,64,39,513,360
1,1,2,17,66,42,570,375,-5,16,51,41,526,381
1,1,0,20,59,32,545,357,-0,21,60,38,557,382
1,1,10,18,54,48,521,346,4,19,61,37,558,345
1,1,0,18,55,46,563,367,1,20,59,32,547,356
0,1,-12,15,58,36,569,397,6,19,57,40,541,356
0,1,-5,16,51,41,527,380,1,16,57,45,545,388
1,1,4,16,58,40,522,352,6,18,60,39,534,355
1,1,-9,17,54,36,590,342,7,23,62,35,541,339
0,1,-1,19,54,38,555,374,-1,20,60,38,556,381
1,1,4,16,65,35,533,358,4,21,61,43,546,346
0,1,-9,16,59,38,555,387,-9,17,62,36,568,374
1,1,1,19,59,36,537,341,-1,19,64,33,540,379
0,1,8,19,64,39,513,361,5,19,58,37,508,355
1,1,-2,16,56,41,525,380,-1,19,59,40,548,377
1,1,6,19,57,40,541,356,-2,19,59,40,548,379
1,1,9,18,54,49,524,345,2,17,66,42,569,375
0,1,-1,16,59,35,557,365,-2,17,62,35,554,375
1,1,-0,20,60,38,555,381,-1,19,64,33,542,378
1,1,-0,18,55,45,552,362,7,23,62,34,542,341
0,1,-12,15,58,35,572,395,-2,16,59,35,556,367
1,1,8,19,63,39,513,364,4,16,65,34,531,359
0,1,-9,17,63,36,566,374,6,18,60,39,536,354
1,1,-1,19,54,38,556,373,1,16,57,45,542,388
1,1,-8,17,55,36,590,339,4,21,61,43,546,343
1,1,4,16,58,40,523,351,-10,17,62,33,554,380
1,1,5,18,58,37,508,356,0,18,55,46,563,369
0,1,-8,16,59,38,557,386,1,20,59,33,551,358
0,1,1,19,59,36,538,341,3,19,61,37,560,346
0,1,-1,16,56,41,525,379,-0,20,60,38,555,381
0,1,-5,16,51,41,531,378,4,16,59,40,524,355
0,1,9,18,54,49,524,344,-1,19,64,33,543,379
0,1,-2,19,59,39,547,379,6,23,62,34,544,343
1,1,6,19,57,40,541,355,2,17,66,41,569,377
1,1,-0,20,60,38,555,381,-0,20,60,38,555,381
0,1,-9,16,59,38,556,386,4,19,61,36,559,344
1,1,4,16,65,34,529,360,-8,17,55,36,592,338
0,1,6,18,58,37,508,353,1,20,59,32,551,357
0,1,-5,16,51,40,531,379,-0,18,56,45,550,364
0,1,-9,16,63,36,565,375,-1,19,54,38,556,372
0,1,2,17,66,41,568,374,1,16,57,45,541,389
1,1,8,19,63,39,510,365,-12,15,58,36,572,395
1,1,1,18,59,36,539,341,-2,17,62,35,555,374
0,1,-10,17,62,33,556,379,6,18,61,39,536,353
1,1,-0,20,60,38,557,381,0,18,56,45,549,363
0,1,-0,18,55,45,565,370,4,21,61,43,546,345
0,1,6,19,57,39,540,356,-1,19,63,34,542,378
0,1,6,23,62,34,546,343,-1,16,56,41,528,381
0,1,-1,16,59,35,556,367,1,16,58,45,543,388
0,1,-8,16,59,38,556,383,4,16,58,40,523,354
1,1,8,19,63,39,509,366,-3,17,62,35,559,374
1,1,6,18,58,37,508,353,2,18,59,36,539,341
0,1,-1,19,54,37,556,369,6,18,61,39,537,355
1,1,9,18,54,49,520,348,-5,16,50,41,533,379
0,1,-10,17,62,33,558,381,1,20,59,32,552,356
0,1,-12,15,58,36,574,397,2,17,66,41,570,374
0,1,-9,16,63,36,565,372,-0,20,60,38,557,381
1,1,4,16,65,34,529,360,-8,17,55,36,592,338
1,1,-2,19,59,39,547,380,4,20,61,43,547,347
0,1,-12,15,58,36,574,395,-1,19,63,34,541,376
1,1,5,16,59,40,521,353,1,16,58,45,543,387
0,1,-1,16,56,42,527,382,0,18,56,45,550,362
1,1,4,19,61,36,561,343,-3,17,62,35,560,374
0,1,6,23,62,34,549,344,-1,18,55,45,566,371
0,1,0,20,61,38,558,379,6,18,60,39,536,353
1,1,-2,16,59,35,557,367,6,18,58,37,505,353
0,1,-1,16,56,42,528,378,-0,18,55,45,565,369
1,1,0,20,61,39,558,381,4,20,61,43,547,347
1,1,6,19,57,39,540,357,-6,16,50,40,535,379
1,1,-2,19,59,40,547,380,8,18,63,40,509,367
1,1,-1,19,54,37,554,370,1,20,60,32,552,354
1,1,2,17,66,41,568,372,1,18,59,36,538,341
1,1,10,18,54,49,519,347,0,20,61,38,558,381
0,1,-9,16,63,35,567,373,5,16,59,40,521,354
0,1,1,16,57,45,544,391,-10,17,62,33,559,382
1,1,-1,19,54,37,554,369,-9,16,59,38,557,382
0,1,-12,15,58,36,578,392,-3,17,62,35,560,375
0,1,5,23,62,34,549,345,0,18,57,44,548,361
0,1,6,19,60,40,536,356,4,19,62,37,561,342
1,1,0,20,61,38,559,380,-2,19,59,40,545,382
0,1,-1,16,56,42,528,379,5,16,59,40,520,355
0,1,2,17,67,41,567,374,1,18,57,44,547,358
0,1,6,18,58,39,538,361,-0,18,55,45,564,369
0,1,-6,16,50,41,536,379,-1,17,60,35,555,369
0,1,-1,19,63,34,541,377,4,16,65,35,528,360
0,1,3,20,61,43,549,346,6,18,57,37,505,354
1,1,0,20,59,32,554,354,-9,16,59,37,559,380
0,1,-8,17,55,36,591,339,-9,17,62,34,559,381
1,1,-1,19,64,34,540,378,4,19,62,37,560,343
1,1,3,20,60,43,549,349,-12,15,58,36,578,394
1,1,10,18,54,49,518,346,-9,16,63,36,567,373
1,1,-3,17,62,36,560,375,1,18,59,36,541,344
0,1,5,22,62,34,549,347,0,20,61,39,559,380
1,1,0,16,58,45,545,394,4,16,65,35,528,359
0,1,-3,17,62,35,559,376,6,16,59,40,518,355
1,1,1,18,57,45,546,359,0,20,61,39,558,380
0,1,-9,16,62,36,569,372,5,22,62,34,550,348
0,1,-8,18,55,36,588,344,4,19,62,36,561,345
1,1,-2,16,56,41,531,380,-9,16,59,37,559,384
1,1,1,20,60,32,557,353,-1,17,60,35,555,369
1,1,0,20,61,39,557,380,1,18,59,36,540,343
1,1,-12,15,57,36,577,393,-6,16,50,41,537,381
1,1,6,19,60,40,538,357,-9,18,62,34,558,381
0,1,5,18,58,39,540,362,1,17,66,41,567,377
1,1,0,18,55,46,562,369,8,18,63,40,511,368
0,1,-0,19,54,37,554,368,10,18,54,48,518,348
1,1,7,18,62,40,514,368,1,16,58,45,544,393
0,1,6,19,60,40,538,356,6,18,57,38,506,355
0,1,6,16,59,40,517,354,5,22,62,34,550,349
1,1,-12,15,58,36,577,393,2,17,66,41,567,376
0,1,0,20,61,39,557,379,-1,17,60,35,555,368
0,1,-2,19,59,40,547,384,1,17,57,45,546,358
0,1,-4,17,62,35,561,375,-9,16,59,37,560,387
1,1,4,20,60,43,547,347,4,16,64,35,530,362
1,1,1,18,55,46,560,369,-9,16,62,36,568,370
1,1,1,18,59,36,540,343,5,18,58,39,543,365
0,1,-6,16,50,41,539,383,4,18,62,36,560,344
0,1,1,20,59,33,555,353,7,18,62,40,516,368
0,1,-1,16,56,42,529,379,9,18,54,48,518,347
0,1,-8,17,55,36,587,345,7,18,57,38,505,355
0,1,4,20,60,43,545,346,-0,19,54,37,555,369
1,1,0,20,61,39,558,380,1,16,58,45,545,395
1,1,-1,19,64,34,541,378,-9,17,62,34,558,380
1,1,0,20,61,39,558,379,-9,17,62,34,559,380
0,1,-2,19,59,39,546,385,-0,19,64,34,539,376
1,1,1,20,59,33,557,354,5,18,58,39,541,365
1,1,1,18,55,45,558,366,-8,16,59,37,559,384
1,1,-6,16,50,41,537,383,1,18,59,36,540,343
1,1,6,16,59,40,518,355,-1,17,60,35,556,368
0,1,5,22,62,34,550,349,0,19,54,37,555,368
1,1,-11,15,58,36,578,391,1,20,61,39,557,378
1,1,9,18,54,48,518,349,-1,16,56,42,530,379
0,1,-4,17,62,35,562,375,1,16,67,41,570,374
0,1,2,17,57,45,545,358,6,19,60,39,540,355
1,1,4,18,61,36,560,343,-9,16,63,36,568,368
0,1,3,16,64,35,530,364,0,16,58,45,545,395
1,1,-6,16,50,41,536,382,3,20,60,43,545,348
0,1,-3,19,59,39,548,387,2,17,57,45,547,358
0,1,-8,18,55,36,585,346,7,19,57,38,505,355
1,1,7,18,62,40,516,367,6,19,60,39,540,356
1,1,3,16,64,34,530,362,-9,16,62,36,571,367
1,1,0,16,58,44,543,394,-9,16,59,37,560,384
1,1,4,19,62,36,559,345,1,18,59,36,540,345
0,1,6,16,59,40,518,357,1,19,60,33,555,354
1,1,1,16,66,41,571,372,-9,17,62,34,558,379
1,1,-4,17,62,35,561,376,-2,16,56,42,533,381
0,1,-3,19,59,40,548,388,-11,15,58,36,577,388
0,1,4,22,62,34,551,348,5,18,57,39,545,367
0,1,-1,17,60,35,557,367,10,17,54,49,516,348
1,1,1,18,56,45,556,364,0,20,61,38,557,378
1,1,2,17,57,45,545,360,-0,19,64,34,541,375
0,1,-9,18,55,35,586,346,3,16,64,34,527,364
0,1,5,18,62,36,558,345,0,19,55,37,556,366
1,1,2,17,57,45,547,358,-10,15,57,36,577,385
1,1,-0,19,64,34,540,375,-9,16,59,37,561,384
1,1,7,18,62,40,516,367,-9,16,62,37,573,364
1,1,0,18,59,36,542,345,0,20,61,39,557,379
0,1,7,19,58,38,503,354,3,20,60,43,545,351
0,1,0,20,61,38,556,378,-3,17,62,35,560,374
0,1,-6,16,50,41,538,379,5,19,60,39,541,358
1,1,4,22,62,34,550,350,5,16,59,40,517,361
1,1,7,18,58,38,504,354,-3,16,56,41,532,382
0,1,-9,17,62,34,559,380,1,19,60,33,556,356
0,1,5,18,57,39,544,366,10,17,54,49,516,348
1,1,2,16,67,41,571,372,2,18,56,45,556,365
0,1,-9,17,55,35,588,347,-10,15,57,36,577,384
0,1,4,22,62,34,549,349,3,20,60,43,544,351
1,1,-3,19,59,40,546,390,-8,16,59,37,561,384
0,1,-10,16,62,37,575,367,5,16,59,40,516,361
0,1,0,18,59,36,541,343,8,18,63,41,515,365
1,1,0,20,61,38,556,379,1,19,60,33,555,358
0,1,5,19,60,39,541,356,1,16,59,44,543,395
0,1,2,17,57,45,545,357,4,16,65,34,527,363
0,1,4,18,62,36,557,347,-1,17,60,35,558,369
1,1,0,20,61,38,555,378,-0,19,64,34,539,376
1,1,4,18,57,39,546,367,-9,17,62,34,558,382
0,1,-6,16,50,41,537,379,-3,16,56,41,532,381
0,1,1,16,59,44,543,393,0,19,54,37,554,364
0,1,2,16,67,41,569,374,-3,17,62,35,559,373
1,1,1,19,59,33,554,359,-2,16,56,41,531,379
0,1,-1,17,60,35,557,369,-9,17,62,34,556,382
1,1,10,17,54,49,517,348,4,21,62,34,550,351
1,1,5,16,59,39,517,360,1,18,56,45,558,365
0,1,-9,17,55,35,588,346,1,19,55,37,554,364
1,1,7,18,57,38,503,350,-9,16,59,37,560,386
1,1,4,20,60,43,541,351,-10,15,57,36,575,378
1,1,8,18,62,41,514,365,0,18,58,37,539,346
0,1,-10,16,62,37,576,366,2,17,57,45,545,357
1,1,0,20,61,38,555,379,-2,19,59,40,545,390
0,1,4,18,57,39,545,369,4,18,62,36,556,347
1,1,4,16,65,34,526,362,1,16,59,44,544,393
1,1,7,18,58,38,504,351,-6,16,50,40,538,379
1,1,2,16,67,41,570,375,4,18,61,37,554,346
0,1,-3,17,63,35,559,372,1,18,56,45,558,368
1,1,-1,17,60,35,558,369,5,16,59,40,518,362
0,1,5,19,60,39,541,356,-1,19,64,34,539,377
0,1,-11,15,57,36,575,379,4,19,60,43,540,350
1,1,-3,16,56,41,532,379,1,20,61,38,554,378
1,1,-9,16,59,37,559,387,8,18,63,41,513,363
0,1,4,18,57,39,544,372,2,17,57,45,546,356
1,1,0,20,61,38,554,379,-0,18,58,36,539,346
1,1,-0,19,64,34,541,375,-10,16,62,37,575,367
1,1,1,19,59,33,553,357,-3,19,59,40,545,390
1,1,4,16,65,34,525,362,1,19,55,37,553,364
1,1,3,21,61,34,552,349,-11,15,57,36,574,379
0,1,-1,17,60,35,556,370,4,19,59,43,540,349
0,1,-9,17,62,34,556,377,5,16,58,40,517,361
1,1,5,19,60,39,543,357,-10,16,62,37,575,367
0,1,7,18,57,38,503,350,0,16,59,44,546,393
1,1,4,18,61,37,554,346,2,16,67,41,569,375
1,1,10,18,55,48,515,348,1,18,56,45,557,368
0,1,-3,17,63,35,562,372,2,17,57,45,544,355
0,1,-6,16,50,40,539,379,-9,17,55,35,587,349
1,1,-2,16,55,41,532,377,0,20,60,38,553,378
1,1,1,19,55,37,551,364,-3,19,58,40,547,389
0,1,-7,16,50,40,539,380,-8,17,56,35,585,350
0,1,0,20,60,38,552,379,-0,18,58,36,537,346
0,1,-0,19,64,34,541,375,4,16,64,34,524,360
1,1,1,19,59,33,550,358,-9,17,61,34,553,378
1,1,11,18,55,49,516,347,2,17,57,46,544,354
1,1,-3,17,63,35,560,372,-10,15,57,36,573,380
0,1,5,16,58,41,515,360,4,18,56,39,544,371
0,1,7,18,57,38,503,351,5,19,60,39,543,357
1,1,-8,16,59,38,560,385,1,16,67,41,570,376
0,1,1,17,56,45,558,370,3,21,61,35,552,351
0,1,0,20,60,38,552,379,8,18,63,40,514,365
0,1,0,16,59,44,546,393,-1,17,60,35,556,369
1,1,4,20,59,43,538,350,5,19,60,39,542,356
1,1,-1,18,65,34,543,376,8,18,63,40,514,365
1,1,-3,19,58,40,548,389,-10,16,62,37,577,368
1,1,7,18,57,38,502,350,-8,17,56,35,581,350
0,1,-2,16,55,41,531,376,-7,16,50,40,539,379
1,1,5,16,58,41,516,361,11,17,55,49,517,344
0,1,-10,15,57,36,573,380,2,19,60,33,550,356
0,1,-3,17,63,35,560,371,5,18,61,37,553,346
0,1,1,18,56,45,558,369,1,16,67,40,570,377
1,1,-0,18,58,36,537,346,-8,16,59,38,560,382
1,1,-2,16,55,41,532,376,3,21,61,35,552,351
0,1,4,15,65,34,525,361,0,20,60,38,552,378
1,1,1,19,55,37,551,364,-9,17,61,34,556,377
0,1,4,18,56,39,544,371,0,20,60,38,551,378
0,1,-8,17,56,35,581,351,8,18,63,40,514,367
1,1,1,17,57,45,545,357,4,20,59,43,537,351
0,1,3,21,61,35,552,352,-7,16,50,40,539,379
0,1,-10,16,62,37,576,368,2,19,60,33,549,356
1,1,0,20,60,38,550,377,5,16,57,41,514,361
0,1,-3,19,58,40,546,389,-1,17,60,35,556,368
0,1,0,18,58,36,537,345,5,19,60,39,542,356
0,1,-0,18,64,34,541,376,0,16,59,44,547,392
0,1,2,16,67,41,571,376,7,19,57,38,503,351
1,1,0,15,59,44,547,394,-8,16,59,38,560,380
1,1,4,15,64,35,524,362,11,17,55,49,515,346
1,1,0,20,60,38,551,376,-4,16,62,35,559,373
1,1,-9,17,61,34,555,378,-2,16,55,41,531,376
0,1,2,17,57,45,544,355,-1,17,60,35,556,367
1,1,0,18,56,45,559,370,1,19,55,37,552,363
1,1,-10,16,62,37,576,370,-10,15,57,36,575,379
0,1,-6,16,50,40,536,378,1,20,60,38,551,376
0,1,3,21,61,35,551,352,5,18,61,37,552,345
1,1,3,18,56,39,545,370,2,19,60,33,550,356
1,1,5,16,57,41,516,361,7,19,58,37,504,351
1,1,8,18,63,40,515,368,1,19,55,37,551,363
0,1,-8,17,56,35,582,352,-0,18,58,37,538,347
1,1,-0,18,64,35,542,377,4,19,59,43,539,353
1,1,5,19,60,39,541,357,-1,17,60,35,557,366
0,1,2,17,57,45,544,357,-8,16,59,38,561,379
0,1,1,20,60,38,550,376,11,17,55,49,517,343
1,1,-10,15,57,36,576,376,-2,16,55,41,532,377
1,1,4,15,65,34,524,361,-3,19,58,40,546,390
0,1,-9,17,61,34,555,379,1,18,56,45,558,371
1,1,-8,17,55,35,581,352,-4,16,62,36,560,374
0,1,0,15,60,43,546,395,0,18,58,37,536,348
0,1,1,20,60,38,550,376,5,18,61,37,551,343
0,1,2,19,59,33,548,358,1,16,67,40,570,374
0,1,5,16,57,41,515,360,-2,16,55,41,534,377
0,1,4,18,56,40,542,368,3,21,61,35,550,352
0,1,5,19,60,39,540,358,4,19,59,43,539,355
1,1,-0,18,64,35,543,377,7,19,58,37,504,351
0,1,1,19,55,37,552,363,-10,16,62,37,576,367
1,1,8,18,63,40,515,368,-6,16,50,40,534,379
0,1,-8,16,59,38,560,378,2,17,57,45,544,359
0,1,4,16,57,41,516,362,0,20,60,38,550,377
1,1,-9,17,61,34,557,379,-10,15,57,36,574,376
0,1,-8,17,55,35,581,353,11,17,55,49,518,342
0,1,-1,17,60,35,558,365,1,18,57,45,558,371
1,1,4,15,65,35,525,360,-4,16,62,36,559,374
1,1,0,16,60,43,545,395,4,19,59,43,539,354
0,1,-8,16,59,38,559,379,0,18,58,37,537,346
0,1,8,18,63,40,515,367,2,16,67,40,568,373
0,1,5,18,60,39,540,359,6,18,58,37,505,352
1,1,-7,16,50,40,536,380,-10,16,62,37,575,366
0,1,-3,19,59,40,549,393,11,17,55,49,518,343
1,1,4,17,56,39,541,367,3,21,61,35,548,350
1,1,1,19,59,33,548,357,-2,16,55,42,534,378
0,1,2,16,67,40,567,373,-2,17,60,35,560,365
0,1,5,18,61,37,550,344,4,16,57,41,518,363
1,1,1,18,57,45,557,368,2,17,57,45,542,360
1,1,-8,17,56,35,581,353,0,20,60,38,551,377
1,1,-8,17,61,34,555,378,-4,16,62,36,560,374
0,1,1,18,55,37,552,363,4,15,65,35,526,361
1,1,1,16,60,43,545,392,-0,18,64,35,542,376
0,1,-6,16,50,40,536,379,-10,15,57,36,576,374
1,1,0,18,58,37,538,345,-10,16,62,37,575,364
0,1,-8,17,56,35,579,353,4,17,56,39,540,365
1,1,11,17,55,49,517,345,0,20,60,38,551,376
0,1,-2,17,60,35,561,364,4,18,60,39,541,359
1,1,8,18,63,40,516,367,1,18,57,44,555,368
1,1,3,20,58,43,540,356,2,21,60,34,550,350
1,1,5,18,61,37,550,345,4,18,60,39,540,361
0,1,-8,17,61,34,556,376,0,18,55,37,552,363
1,1,-3,19,59,40,549,394,0,20,60,38,551,377
0,1,-8,16,59,38,560,378,4,15,65,34,525,359
0,1,-4,16,62,36,559,374,1,19,59,33,549,356
0,1,-10,14,57,36,574,374,0,20,60,38,552,378
1,1,2,20,60,35,552,351,-10,15,57,36,575,373
1,1,2,17,67,40,567,372,-2,16,55,41,535,379
1,1,1,18,58,36,539,345,4,16,57,41,518,360
1,1,5,18,61,37,550,346,-8,17,55,35,579,351
0,1,-7,16,50,40,538,379,8,18,62,40,517,367
1,1,-2,17,60,35,563,366,-10,16,62,37,576,365
0,1,-3,19,59,40,546,395,6,18,58,37,506,352
0,1,-0,18,64,35,543,378,2,17,57,44,545,357
0,1,1,15,60,43,545,393,4,17,56,39,538,365
0,1,4,18,59,39,540,361,0,20,60,38,551,376
1,1,1,19,59,33,548,357,-4,16,62,36,559,375
0,1,-10,16,62,37,577,365,11,17,55,49,518,345
1,1,3,20,58,43,540,358,0,20,60,38,551,375
0,1,-8,17,61,34,557,373,1,18,55,37,552,361
1,1,-8,16,59,38,560,379,-2,16,55,41,536,376
1,1,1,18,57,44,556,368,5,15,65,34,525,359
1,1,11,17,55,50,518,344,-8,17,61,34,556,373
0,1,-3,19,59,40,545,396,7,18,58,37,507,350
1,1,2,20,60,35,551,351,1,18,55,37,552,362
1,1,-1,18,64,35,543,378,0,20,60,38,550,377
1,1,1,15,59,43,545,391,-7,16,50,40,540,378
0,1,2,17,67,40,565,373,4,16,57,41,519,360
1,1,-2,17,60,35,561,366,-8,17,55,35,579,352
0,1,2,16,58,44,545,357,4,17,56,39,537,363
0,1,-7,16,59,38,560,377,1,18,57,44,554,369
1,1,2,19,59,33,548,356,-10,15,57,35,575,372
0,1,7,18,58,38,506,352,4,15,65,34,525,357
0,1,-2,16,55,41,536,374,5,18,61,37,551,346
0,1,-10,16,62,37,576,367,1,18,59,37,540,344
0,1,-4,16,62,35,560,374,1,16,59,43,543,390
1,1,12,17,54,50,518,344,3,19,58,43,542,359
0,1,4,16,57,41,520,358,0,18,55,37,551,362
1,1,8,18,63,40,517,368,-3,19,59,40,546,396
1,1,0,20,60,38,551,377,3,20,60,35,549,351
1,1,2,16,57,44,546,358,-7,16,50,40,539,377
0,1,-8,17,56,35,578,351,4,18,59,39,539,363
0,1,-8,17,61,34,555,374,2,16,67,39,565,373
1,1,1,18,59,37,539,345,-2,17,60,35,561,365
1,1,2,19,59,33,549,355,5,18,61,37,549,345
1,1,1,17,58,44,553,369,-4,19,59,40,546,395
1,1,-10,16,61,37,577,366,2,16,60,43,542,389
1,1,4,15,65,35,525,357,4,17,56,39,537,364
1,1,3,19,58,43,541,360,-3,16,55,41,538,373
1,1,0,19,60,39,551,377,0,19,60,39,551,377
0,1,2,16,58,45,545,358,2,16,67,39,564,371
1,1,-0,18,64,35,544,376,2,20,60,35,549,353
0,1,-8,17,55,35,578,352,4,18,59,39,539,364
0,1,-9,17,61,34,556,374,12,17,54,50,519,346
0,1,1,18,55,37,552,362,5,18,61,37,551,346
1,1,7,18,58,38,506,354,4,16,57,41,521,358
0,1,-5,16,62,35,562,373,8,18,63,40,518,367
0,1,-7,16,59,38,560,376,-7,16,50,40,541,379
1,1,0,19,60,39,551,378,-10,14,57,35,576,372
1,1,4,17,56,39,538,363,-3,16,55,41,538,373
1,1,-10,16,61,37,577,365,-5,16,62,35,562,373
0,1,-2,17,60,35,562,365,12,17,54,50,520,345
0,1,2,19,59,33,550,354,1,16,60,43,542,390
1,1,1,18,59,37,538,346,-4,19,59,39,547,394
0,1,-8,17,56,35,580,353,5,15,65,34,526,357
0,1,-7,16,59,38,558,376,1,19,60,39,550,377
0,1,4,18,59,39,539,364,2,20,60,35,548,354
1,1,-0,18,64,35,542,374,2,16,67,39,563,369
1,1,3,19,58,43,542,359,8,18,63,40,519,367
1,1,0,18,55,37,551,364,4,16,56,41,520,360
1,1,7,18,58,38,507,352,2,16,58,45,545,359
0,1,-9,17,61,33,558,374,5,18,61,37,550,345
0,1,-4,19,59,39,548,396,2,17,58,44,555,366
1,1,1,16,59,43,543,388,2,20,60,35,547,354
1,1,5,15,65,34,526,357,-7,16,50,40,541,376
0,1,-5,16,62,35,562,372,-3,16,55,41,537,373
1,1,2,18,59,38,538,345,-8,17,56,35,578,353
0,1,-2,17,60,35,562,366,-10,16,62,37,576,363
1,1,4,17,56,39,537,363,-9,17,61,33,559,373
1,1,-8,16,59,37,559,377,1,19,60,39,551,377
1,1,1,19,60,39,551,376,12,17,54,50,522,345
1,1,3,16,56,41,521,361,-10,14,57,35,577,373
0,1,4,18,59,39,539,366,2,16,67,40,563,371
0,1,2,16,59,43,542,387,2,17,58,43,554,365
0,1,1,18,55,37,550,363,2,16,58,44,543,361
0,1,4,19,58,43,541,357,0,19,64,35,543,375
0,1,5,18,61,37,550,344,7,18,62,40,521,366
0,1,2,20,59,35,548,352,4,18,59,39,540,369
0,1,7,18,62,40,521,366,2,18,59,37,538,343
1,1,1,19,60,39,551,375,-8,17,56,35,577,352
1,1,-2,17,60,35,562,365,2,16,67,40,564,370
0,1,2,19,59,33,549,354,2,16,58,44,542,359
1,1,7,18,57,38,506,353,-9,17,60,33,560,374
0,1,5,15,65,34,525,356,1,19,60,39,551,376
0,1,-10,16,61,37,575,362,-3,16,55,40,537,370
0,1,-5,16,62,35,564,370,4,17,56,39,536,362
0,1,-4,19,59,39,549,394,-7,16,59,37,560,377
1,1,-11,14,57,35,578,374,3,16,56,41,521,360
0,1,-7,16,50,40,541,378,0,19,64,35,542,374
1,1,5,18,61,37,550,345,4,19,58,43,540,357
1,1,1,19,60,39,551,375,12,17,54,50,522,347
0,1,-10,16,61,37,575,361,-9,17,60,33,562,373
0,1,5,15,65,34,525,358,7,18,57,38,506,352
1,1,-7,16,59,37,560,377,5,17,56,40,536,362
0,1,2,18,59,33,549,354,3,18,59,39,540,370
1,1,3,16,56,41,523,361,2,20,59,35,547,353
1,1,2,16,67,40,563,371,0,19,64,35,542,374
1,1,0,18,55,37,553,363,-8,17,56,35,578,353
0,1,-10,14,57,35,578,374,2,16,58,44,542,359
1,1,7,18,63,40,522,366,1,19,60,39,551,375
1,1,-3,16,55,40,538,371,-1,17,60,35,561,365
0,1,1,16,59,42,542,390,2,17,58,44,552,365
0,1,-4,19,59,39,549,396,2,18,59,38,539,343
1,1,2,18,59,33,548,353,-7,16,50,40,541,380
0,1,5,18,61,37,550,345,11,17,55,50,524,347
0,1,1,19,60,39,551,376,3,19,58,43,539,355
1,1,1,16,59,42,541,390,-4,19,59,39,547,394
0,1,-11,14,56,35,579,374,3,18,59,38,539,369
0,1,-2,16,55,41,539,370,0,19,64,35,542,374
0,1,-7,16,59,37,559,377,2,16,58,44,542,357
0,1,5,17,56,40,538,362,7,18,63,40,523,365
0,1,2,18,58,38,539,342,2,17,57,44,550,367
1,1,4,15,65,34,526,357,3,16,56,41,523,361
0,1,7,18,57,38,505,351,-2,17,60,35,558,367
0,1,-10,15,61,37,574,360,1,18,55,37,552,360
0,1,-6,16,62,35,565,372,2,20,59,35,548,354
0,1,-9,17,60,33,561,371,-7,16,50,40,540,381
1,1,2,18,59,33,546,353,-9,17,56,35,578,355
0,1,-1,17,60,35,559,366,1,19,60,39,552,375
0,1,5,18,61,37,550,346,1,19,60,39,552,374
0,1,-11,14,56,36,579,376,11,17,54,50,522,348
1,1,2,16,67,40,563,368,-2,16,55,41,542,370
1,1,-10,15,61,37,574,360,4,19,58,43,538,356
1,1,2,16,58,44,542,358,2,17,57,44,549,366
0,1,-6,16,62,35,566,374,0,19,64,35,542,373
1,1,1,18,55,37,553,359,5,17,56,40,539,362
1,1,2,20,59,36,549,354,7,18,63,40,522,364
1,1,1,16,59,43,540,390,4,18,59,38,540,370
1,1,7,18,57,38,505,354,2,18,58,38,539,344
0,1,-4,19,58,39,548,396,3,16,56,41,523,365
1,1,5,15,65,35,526,357,-7,16,59,38,559,377
1,1,7,18,57,38,506,353,-6,16,62,35,566,375
1,1,11,17,54,50,522,348,7,18,62,40,522,366
0,1,-11,14,56,36,581,375,-9,16,56,35,578,355
1,1,1,19,60,39,551,375,3,16,56,41,523,366
1,1,1,19,60,39,551,374,-9,17,60,33,560,371
0,1,3,19,59,43,540,354,-7,16,50,40,541,382
0,1,-10,15,61,36,575,358,0,19,64,35,542,372
1,1,-3,16,55,41,542,371,2,16,67,40,562,369
0,1,5,18,61,37,551,347,2,18,59,33,545,353
0,1,1,18,58,38,540,345,2,16,58,44,541,358
0,1,1,18,55,37,553,359,2,20,59,36,548,354
1,1,2,17,57,44,548,368,1,19,60,39,551,374
1,1,3,18,59,38,540,369,5,15,65,34,525,356
1,1,4,17,56,40,539,363,1,16,59,43,538,390
1,1,2,16,67,40,562,369,7,18,62,40,523,366
1,1,-10,14,56,35,579,374,2,18,59,33,545,354
1,1,3,19,59,38,539,368,-5,19,58,39,549,396
0,1,3,19,58,43,541,354,-6,16,62,35,565,376
0,1,1,18,58,38,541,347,1,18,55,37,553,359
1,1,12,17,55,50,522,346,1,16,59,43,539,391
1,1,1,19,60,39,551,374,7,18,57,38,505,352
0,1,5,18,61,37,552,347,-7,16,59,38,558,377
0,1,-9,15,61,37,575,358,-9,16,56,35,578,353
1,1,-2,17,60,35,559,368,5,17,56,40,539,364
1,1,-7,16,50,40,539,382,-9,17,60,33,562,370
1,1,2,17,57,44,546,367,2,16,58,44,541,357
1,1,-3,16,55,41,542,369,-9,17,60,33,561,370
1,1,0,19,64,35,542,373,3,16,56,41,522,368
0,1,-7,16,50,40,538,380,2,20,59,36,548,353
1,1,5,15,65,34,525,354,1,19,60,39,550,373
1,1,2,19,59,33,547,356,-1,17,60,35,558,368
1,1,2,16,58,44,541,357,-5,19,58,39,551,396
0,1,3,19,58,43,540,354,4,17,56,39,539,364
1,1,2,17,57,44,546,367,1,18,58,38,542,348
0,1,1,19,64,35,542,372,7,18,57,38,505,352
1,1,12,17,54,50,521,346,-9,16,56,34,578,350
1,1,3,16,67,40,563,367,2,18,55,37,551,358
0,1,-10,14,56,36,579,372,6,18,62,40,524,367
0,1,-7,16,59,38,559,376,2,20,59,36,547,353
1,1,4,19,59,38,538,367,2,16,56,40,524,369
0,1,1,19,60,39,550,375,4,18,61,37,553,348
1,1,-6,16,62,35,565,375,-9,15,61,36,574,357
0,1,-2,16,55,40,541,370,1,15,58,43,540,389
0,1,1,19,59,39,550,375,4,19,59,38,538,367
0,1,1,19,59,39,550,375,2,18,55,37,553,357
0,1,-5,19,58,39,551,396,5,15,64,35,524,353
0,1,-6,16,62,35,565,375,3,16,67,39,562,366
1,1,7,18,57,38,505,352,-9,15,61,37,574,357
1,1,3,19,58,43,540,356,12,17,55,50,520,346
0,1,-10,14,56,36,578,374,3,17,57,44,546,368
1,1,3,20,59,36,546,353,-9,17,60,33,562,370
0,1,1,19,64,35,542,373,2,16,58,44,540,358
1,1,1,18,58,38,544,348,2,19,59,33,547,355
0,1,-2,17,60,34,558,367,4,17,56,39,539,363
0,1,-9,16,56,35,580,351,4,18,61,37,553,348
0,1,-7,16,50,39,539,381,-7,16,59,38,558,375
1,1,6,18,62,40,526,368,2,15,58,43,538,387
0,1,2,18,55,37,552,355,3,17,57,44,545,367
1,1,5,15,64,35,523,353,7,18,57,38,505,353
1,1,3,19,58,43,539,355,2,19,59,33,548,356
1,1,6,18,62,40,523,368,-7,16,59,38,556,373
0,1,1,19,59,39,550,376,-10,14,56,36,581,373
1,1,-3,16,55,40,541,369,-6,16,62,34,567,375
1,1,2,16,56,40,525,369,-7,16,50,39,541,379
0,1,4,19,59,38,536,366,1,19,59,39,550,376
0,1,11,16,54,50,520,348,5,17,56,40,540,363
0,1,1,15,58,43,538,387,5,18,60,37,553,348
1,1,-5,19,58,39,552,396,1,18,58,38,543,347
0,1,-9,17,60,33,561,370,-2,17,61,34,558,368
0,1,-9,16,56,35,578,350,3,16,58,45,540,358
0,1,1,15,58,43,539,389,1,19,59,39,550,375
0,1,-9,15,61,37,573,358,-1,17,61,34,559,369
1,1,7,18,57,38,506,354,1,19,59,39,550,375
0,1,4,18,59,38,537,366,-5,19,58,39,550,396
0,1,3,16,58,44,539,357,5,18,60,37,554,349
0,1,-9,16,56,34,578,350,1,18,58,38,544,347
1,1,5,17,56,40,540,364,-3,16,55,40,539,370
0,1,3,17,57,44,544,368,-9,17,60,33,562,370
1,1,7,18,62,40,522,366,3,19,58,43,539,355
0,1,-7,16,50,39,540,380,0,19,64,35,542,376
1,1,1,18,54,37,553,355,-6,16,62,35,566,374
1,1,3,20,59,36,544,355,2,19,59,33,549,356
1,1,11,16,54,50,521,348,-10,15,56,36,581,374
1,1,-7,16,58,38,556,373,5,15,65,35,523,354
1,1,2,16,56,40,523,370,3,16,67,40,563,365
1,1,-7,16,58,38,556,373,-9,17,60,33,561,369
1,1,3,16,67,39,563,365,1,19,59,39,550,375
0,1,3,18,59,38,539,363,1,18,58,38,543,347
0,1,7,18,57,38,507,354,0,19,59,39,551,376
1,1,3,20,59,36,544,354,-3,16,55,40,538,371
1,1,3,16,58,44,537,359,-5,19,58,39,550,394
0,1,5,18,60,37,554,349,0,19,64,35,541,377
1,1,11,16,55,49,519,349,-9,16,61,37,573,358
1,1,1,15,58,43,540,389,-9,16,56,35,579,350
1,1,5,17,56,40,541,363,-1,17,61,35,559,369
0,1,3,16,57,40,524,369,-10,15,56,36,582,374
1,1,7,18,62,40,522,366,3,17,57,44,544,367
0,1,-7,16,50,39,542,379,5,15,65,35,524,355
1,1,2,19,59,33,548,358,3,18,58,43,540,355
1,1,2,18,54,38,554,355,-6,16,62,35,567,375
