Rk,Player,MP,Season,Lg,Team,G,GS,MP,FG,FGA,FG%,2P,2PA,2P%,3P,3PA,3P%,FT,FTA,FT%,TS%,ORB,DRB,TRB,AST,STL,BLK,TOV,PF,PTS,GmSc,BPM,+/-,Player-additional
1,Jerrelle Benimon,2,2014-15,NBA,UTA,2,0,2,0,0,,0,0,,0,0,,0,0,,,1,2,3,0,0,0,1,0,0,0.2,-13.0,6,benimje01
2,Sim Bhullar,2,2014-15,NBA,SAC,3,0,2,1,2,.500,1,2,.500,0,0,,0,0,,.500,0,1,1,1,0,1,0,0,2,0.9,32.5,1,bhullsi01
3,Malcolm Lee,2,2014-15,NBA,PHI,1,0,2,0,1,.000,0,1,.000,0,0,,0,0,,.000,0,0,0,0,0,0,0,0,0,-0.7,-27.6,3,leema01
4,Eric Moreland,2,2014-15,NBA,SAC,3,0,2,1,1,1.000,1,1,1.000,0,0,,0,0,,1.000,0,1,1,0,0,0,0,1,2,0.5,17.2,1,moreler01
5,Kalin Lucas,6,2014-15,NBA,MEM,1,0,6,0,1,.000,0,1,.000,0,0,,0,0,,.000,0,0,0,0,1,0,0,1,0,-0.1,-4.7,-7,lucaska01
6,Tyrus Thomas,6,2014-15,NBA,MEM,2,0,6,1,1,1.000,1,1,1.000,0,0,,2,2,1.000,1.064,0,0,0,1,0,0,0,0,4,2.2,18.5,1,thomaty01
7,David Wear,7,2014-15,NBA,SAC,2,0,7,0,2,.000,0,1,.000,0,1,.000,0,0,,.000,2,0,2,1,0,0,0,1,0,0.2,-9.4,-9,wearda01
8,Seth Curry,8,2014-15,NBA,PHO,2,0,8,0,3,.000,0,2,.000,0,1,.000,0,0,,.000,0,2,2,1,0,0,0,2,0,-0.8,-23.1,-4,curryse01
9,Jamaal Franklin,13,2014-15,NBA,DEN,3,0,13,1,2,.500,0,0,,1,2,.500,0,0,,.750,1,1,2,3,0,1,3,4,3,0.4,-5.6,-9,frankja01
10,Alex Kirk,14,2014-15,NBA,CLE,5,0,14,1,4,.250,1,4,.250,0,0,,2,2,1.000,.410,1,0,1,1,0,0,0,1,4,0.5,-6.0,-14,kirkal01
11,Julius Randle,14,2014-15,NBA,LAL,1,0,14,1,3,.333,1,3,.333,0,0,,0,2,.000,.258,0,0,0,0,0,0,1,1,2,-1.9,-15.1,-18,randlju01
12,Toure' Murry,18,2014-15,NBA,UTAWAS,5,0,18,2,5,.400,2,5,.400,0,0,,2,2,1.000,.510,1,0,1,1,1,0,4,2,6,0.2,-12.1,0,murryto01
13,Ronny Turiaf,20,2014-15,NBA,MIN,2,0,20,0,0,,0,0,,0,0,,0,0,,,0,1,1,2,0,0,0,0,0,0.9,-3.2,-8,turiaro01
14,Andre Dawkins,22,2014-15,NBA,MIA,4,0,22,1,6,.167,0,0,,1,6,.167,0,0,,.250,0,2,2,1,0,0,1,3,3,-0.4,-12.8,-4,dawkian01
15,Bruno Caboclo,24,2014-15,NBA,TOR,8,0,24,4,12,.333,2,9,.222,2,3,.667,0,0,,.417,1,1,2,0,0,1,4,3,10,0.0,-18.2,-28,cabocbr01
16,Lucas Nogueira,24,2014-15,NBA,TOR,6,0,24,2,8,.250,2,8,.250,0,0,,2,4,.500,.307,2,9,11,1,2,0,2,6,6,0.5,-10.5,-12,noguelu01
17,Miroslav Raduljica,24,2014-15,NBA,MIN,5,0,24,3,8,.375,3,8,.375,0,0,,2,2,1.000,.450,2,3,5,0,1,0,2,8,8,0.3,-15.0,-3,radulmi01
18,Patrick Christopher,29,2014-15,NBA,UTA,4,1,29,3,12,.250,3,8,.375,0,4,.000,0,0,,.250,2,4,6,0,1,0,1,6,6,-0.3,-15.0,-18,chrispa01
19,David Stockton,33,2014-15,NBA,SAC,3,0,33,2,6,.333,1,4,.250,1,2,.500,3,6,.500,.463,0,2,2,9,2,0,4,1,8,2.6,-3.9,23,stockda01
20,Jerel McNeal,36,2014-15,NBA,PHO,6,0,36,3,11,.273,2,9,.222,1,2,.500,2,2,1.000,.379,0,3,3,2,3,1,5,5,9,0.3,-9.1,-3,mcneaje01
21,Andrei Kirilenko,37,2014-15,NBA,BRK,7,0,37,0,5,.000,0,5,.000,0,0,,3,4,.750,.222,2,6,8,1,1,0,1,1,3,0.4,-5.7,-29,kirilan01
22,Glen Rice Jr.,42,2014-15,NBA,WAS,5,0,42,3,15,.200,2,8,.250,1,7,.143,4,6,.667,.312,2,2,4,2,0,0,2,11,11,-0.4,-15.9,-22,ricegl02
23,Gal Mekel,44,2014-15,NBA,NOP,4,0,44,3,20,.150,3,17,.176,0,3,.000,0,0,,.150,0,1,1,13,2,0,2,1,6,0.6,-11.3,2,mekelga01
24,Darius Miller,44,2014-15,NBA,NOP,5,1,44,1,7,.143,1,6,.167,0,1,.000,0,0,,.143,0,1,1,2,1,0,1,8,2,-0.8,-11.3,-12,milleda01
25,Grant Jerrett,52,2014-15,NBA,OKCUTA,8,0,52,7,26,.269,6,11,.545,1,15,.067,1,1,1.000,.303,2,7,9,3,2,2,3,11,16,0.3,-10.8,-20,jerregr01
26,Lester Hudson,56,2014-15,NBA,LAC,5,0,56,6,14,.429,3,8,.375,3,6,.500,3,4,.750,.571,1,7,8,5,6,1,3,4,18,3.7,4.1,-6,hudsole01
27,Russ Smith,64,2014-15,NBA,MEMNOP,12,0,64,8,25,.320,6,14,.429,2,11,.182,12,13,.923,.488,1,5,6,8,3,0,12,13,30,0.7,-8.9,22,smithru01
28,Cameron Bairstow,66,2014-15,NBA,CHI,18,1,66,3,14,.214,3,14,.214,0,0,,4,5,.800,.309,6,2,8,1,2,1,3,8,10,0.2,-9.0,-20,bairsca01
29,Will Bynum,66,2014-15,NBA,WAS,7,0,66,10,31,.323,10,22,.455,0,9,.000,2,4,.500,.336,2,4,6,18,1,1,8,9,22,1.3,-13.0,-50,bynumwi01
30,Greg Stiemsma,66,2014-15,NBA,TOR,17,0,66,6,8,.750,6,8,.750,0,0,,2,4,.500,.717,9,6,15,3,2,0,7,15,14,0.5,-6.0,-27,stiemgr01
31,Arinze Onuaku,68,2014-15,NBA,MIN,6,1,68,12,14,.857,12,14,.857,0,0,,3,8,.375,.771,7,14,21,4,1,3,2,6,27,5.1,1.4,-18,onuakar01
32,Will Cherry,70,2014-15,NBA,CLE,8,0,70,5,19,.263,3,10,.300,2,9,.222,3,6,.500,.347,1,4,5,8,6,1,4,10,15,1.1,-6.0,-7,cherrwi01
33,Sean Kilpatrick,71,2014-15,NBA,MIN,4,0,71,7,20,.350,3,7,.429,4,13,.308,4,4,1.000,.506,1,5,6,4,3,0,2,3,22,3.9,-2.2,15,kilpase01
34,Ognjen Kuzmić,71,2014-15,NBA,GSW,16,0,71,8,12,.667,8,12,.667,0,0,,4,4,1.000,.727,7,10,17,6,2,1,5,13,20,1.2,-1.4,-37,kuzmiog01
35,Drew Gordon,72,2014-15,NBA,PHI,9,0,72,8,19,.421,8,16,.500,0,3,.000,1,2,.500,.428,7,11,18,2,1,0,8,7,17,0.7,-9.5,-34,gordodr01
36,Jannero Pargo,73,2014-15,NBA,CHO,9,0,73,15,35,.429,6,13,.462,9,22,.409,2,2,1.000,.571,0,3,3,8,0,0,3,8,41,2.5,1.8,-2,pargoja01
37,Vander Blue,74,2014-15,NBA,LAL,2,1,74,9,30,.300,7,20,.350,2,10,.200,2,5,.400,.342,2,7,9,8,3,0,6,4,22,4.0,-9.8,-38,blueva01
38,Victor Claver,75,2014-15,NBA,POR,10,0,75,9,20,.450,3,9,.333,6,11,.545,0,0,,.600,3,17,20,1,1,1,4,12,24,1.4,-3.2,21,clavevi01
39,Zoran Dragić,75,2014-15,NBA,MIAPHO,16,1,75,11,30,.367,8,16,.500,3,14,.214,3,5,.600,.435,5,3,8,5,2,0,5,6,28,0.8,-7.7,-15,dragizo01
40,Xavier Henry,83,2014-15,NBA,LAL,9,0,83,3,13,.231,3,13,.231,0,0,,14,24,.583,.424,2,2,4,3,3,0,3,6,20,1.1,-7.2,14,henryxa01
41,Jack Cooley,86,2014-15,NBA,UTA,16,0,86,9,22,.409,9,22,.409,0,0,,9,21,.429,.432,10,15,25,1,6,3,3,23,27,1.2,-5.7,-5,cooleja01
42,Clint Capela,88,2014-15,NBA,HOU,12,0,88,14,29,.483,14,29,.483,0,0,,4,23,.174,.409,10,26,36,2,1,9,5,14,32,1.9,-5.4,8,capelca01
43,Shannon Brown,89,2014-15,NBA,MIA,5,2,89,7,19,.368,4,12,.333,3,7,.429,3,4,.750,.482,0,1,1,3,4,0,4,8,20,1.7,-6.8,-16,brownsh01
44,Jared Cunningham,90,2014-15,NBA,LAC,19,0,90,12,33,.364,8,20,.400,4,13,.308,7,13,.538,.452,1,8,9,10,3,0,7,12,35,0.8,-8.1,-5,cunnija01
45,Paul George,92,2014-15,NBA,IND,6,0,92,18,49,.367,9,27,.333,9,22,.409,8,11,.727,.492,4,18,22,6,5,1,12,11,53,4.4,-2.2,15,georgpa01
46,Earl Clark,94,2014-15,NBA,BRK,10,0,94,11,30,.367,7,16,.438,4,14,.286,1,4,.250,.425,1,22,23,3,3,4,6,12,27,1.4,-6.5,-28,clarkea01
47,C.J. Wilcox,101,2014-15,NBA,LAC,21,0,101,16,38,.421,9,19,.474,7,19,.368,2,2,1.000,.527,1,6,7,8,3,1,10,7,41,0.9,-4.9,-19,wilcocj01
48,Chris Douglas-Roberts,103,2014-15,NBA,LAC,12,0,103,5,21,.238,4,14,.286,1,7,.143,8,8,1.000,.387,1,11,12,4,1,0,0,14,19,0.7,-6.8,-14,douglch01
49,Reggie Williams,103,2014-15,NBA,SAS,20,0,103,15,39,.385,12,20,.600,3,19,.158,4,4,1.000,.454,5,12,17,10,1,0,2,12,37,1.2,-3.0,-36,willire02
50,Kenyon Martin,106,2014-15,NBA,MIL,11,0,106,9,22,.409,9,22,.409,0,0,,2,2,1.000,.437,6,13,19,5,5,6,3,13,20,1.9,-2.2,-9,martike01
51,Shayne Whittington,107,2014-15,NBA,IND,20,0,107,19,42,.452,18,36,.500,1,6,.167,18,23,.783,.547,10,19,29,6,5,2,5,18,57,2.2,0.4,14,whittsh01
52,Elliot Williams,118,2014-15,NBA,NOPUTA,13,0,118,14,37,.378,6,19,.316,8,18,.444,1,4,.250,.477,0,8,8,12,4,0,4,12,37,1.7,-2.9,8,williel01
53,Brendan Haywood,120,2014-15,NBA,CLE,22,1,120,14,30,.467,14,30,.467,0,0,,7,13,.538,.490,6,23,29,2,2,10,10,17,35,1.0,-6.3,-50,haywobr01
54,Quincy Miller,120,2014-15,NBA,DETSAC,10,0,120,9,38,.237,6,20,.300,3,18,.167,8,11,.727,.338,4,16,20,8,7,5,5,9,29,2.0,-3.8,44,millequ01
55,Jordan Hamilton,123,2014-15,NBA,LAC,14,2,123,14,35,.400,4,14,.286,10,21,.476,0,0,,.543,2,14,16,7,2,0,4,14,38,1.6,-2.4,-29,hamiljo02
56,Dahntay Jones,123,2014-15,NBA,LAC,33,0,123,6,21,.286,6,17,.353,0,4,.000,9,11,.818,.406,1,10,11,2,3,0,1,23,21,0.2,-8.3,-79,jonesda02
57,Dwight Buycks,124,2014-15,NBA,LAL,6,0,124,18,40,.450,11,29,.379,7,11,.636,9,10,.900,.586,2,10,12,14,3,0,12,3,52,5.8,-2.6,-24,buyckdw01
58,Shavlik Randolph,126,2014-15,NBA,BOSPHO,21,0,126,9,35,.257,9,30,.300,0,5,.000,6,12,.500,.298,16,22,38,4,5,3,3,16,24,0.9,-5.7,-24,randosh01
59,Jarnell Stokes,126,2014-15,NBA,MEM,19,2,126,21,37,.568,21,37,.568,0,0,,15,28,.536,.578,16,18,34,4,5,5,7,25,57,2.4,-1.1,16,stokeja01
60,Nazr Mohammed,131,2014-15,NBA,CHI,23,0,131,13,30,.433,13,30,.433,0,0,,1,3,.333,.431,11,27,38,3,4,5,7,16,27,1.0,-4.5,10,mohamna01
61,Ekpe Udoh,131,2014-15,NBA,LAC,33,0,131,11,24,.458,11,24,.458,0,0,,7,9,.778,.519,7,19,26,8,8,7,7,20,29,0.9,-1.2,-11,udohek01
62,James Michael McAdoo,138,2014-15,NBA,GSW,15,0,138,24,44,.545,24,44,.545,0,0,,14,25,.560,.564,15,22,37,2,5,9,6,21,62,3.5,-2.3,9,mcadoja01
63,Earl Barron,143,2014-15,NBA,PHO,16,1,143,12,39,.308,10,35,.286,2,4,.500,6,12,.500,.361,14,14,28,5,4,2,5,26,32,0.9,-7.4,-57,barroea01
64,Bernard James,156,2014-15,NBA,DAL,16,2,156,12,27,.444,12,27,.444,0,0,,20,23,.870,.593,18,21,39,4,2,15,6,17,44,3.1,0.8,-11,jamesbe01
65,Bryce Cotton,160,2014-15,NBA,UTA,15,0,160,29,69,.420,22,49,.449,7,20,.350,15,18,.833,.520,3,15,18,15,4,0,12,6,80,3.3,-2.2,0,cottobr01
66,JaMychal Green,165,2014-15,NBA,MEMSAS,24,1,165,27,47,.574,27,41,.659,0,6,.000,8,10,.800,.603,19,26,45,4,5,5,14,25,62,2.0,-1.3,-25,greenja01
67,Jorge Gutiérrez,174,2014-15,NBA,BRKMIL,20,1,174,22,41,.537,22,38,.579,0,3,.000,9,13,.692,.567,5,20,25,22,6,0,12,25,53,2.0,-3.5,-27,gutiejo01
68,Toney Douglas,177,2014-15,NBA,NOP,12,0,177,19,51,.373,14,33,.424,5,18,.278,8,13,.615,.450,2,20,22,24,11,4,10,20,51,3.4,-1.7,7,douglto01
69,DeJuan Blair,178,2014-15,NBA,WAS,29,0,178,26,57,.456,26,57,.456,0,0,,4,6,.667,.469,16,40,56,3,7,1,13,41,56,1.0,-8.4,-61,blairde01
70,Ian Clark,192,2014-15,NBA,DENUTA,30,0,192,19,55,.345,9,25,.360,10,30,.333,9,9,1.000,.483,4,12,16,12,9,3,9,20,57,1.2,-3.0,-41,clarkia01
71,Malcolm Thomas,194,2014-15,NBA,PHI,17,0,194,18,40,.450,18,33,.545,0,7,.000,9,13,.692,.492,16,40,56,7,3,1,13,17,45,2.0,-7.0,-109,thomama01
72,Steve Novak,198,2014-15,NBA,OKCUTA,35,0,198,22,56,.393,3,8,.375,19,48,.396,0,2,.000,.554,2,20,22,11,0,2,5,23,63,1.0,-1.9,-53,novakst01
73,Cartier Martin,200,2014-15,NBA,DET,23,0,200,15,53,.283,9,20,.450,6,33,.182,0,0,,.340,0,20,20,11,3,1,5,20,36,0.4,-7.2,21,martica01
74,Francisco García,201,2014-15,NBA,HOU,14,0,201,17,63,.270,7,18,.389,10,45,.222,1,4,.250,.347,3,14,17,15,9,5,10,20,45,1.3,-4.2,-10,garcifr01
75,Devyn Marble,209,2014-15,NBA,ORL,16,7,209,14,44,.318,10,22,.455,4,22,.182,5,16,.313,.362,5,26,31,17,9,2,9,14,37,1.7,-4.8,-16,marblde01
76,Gigi Datome,211,2014-15,NBA,BOSDET,21,1,211,43,89,.483,25,49,.510,18,40,.450,1,1,1.000,.587,3,26,29,9,2,7,9,15,105,3.2,1.2,68,datomlu01
77,Jeff Adrien,215,2014-15,NBA,MIN,17,0,215,19,44,.432,19,44,.432,0,0,,22,38,.579,.494,23,54,77,15,4,9,9,30,60,3.7,-2.4,-14,adrieje01
78,Landry Fields,216,2014-15,NBA,TOR,26,9,216,20,41,.488,19,39,.487,1,2,.500,5,6,.833,.527,10,16,26,15,11,0,8,9,46,1.8,-0.1,-77,fieldla01
79,Larry Drew II,220,2014-15,NBA,PHI,12,1,220,20,58,.345,16,32,.500,4,26,.154,2,3,.667,.388,1,14,15,45,6,0,25,13,46,2.1,-9.9,-73,drewla02
80,Dwight Powell,235,2014-15,NBA,BOSDAL,29,0,235,31,67,.463,28,56,.500,3,11,.273,25,33,.758,.552,18,32,50,9,9,6,11,40,90,2.3,-1.0,-3,poweldw01
81,Tim Frazier,241,2014-15,NBA,PHIPOR,11,3,241,21,61,.344,16,44,.364,5,17,.294,10,21,.476,.406,6,22,28,60,8,0,25,26,57,4.0,-5.2,-6,fraziti01
82,Ricky Ledo,244,2014-15,NBA,DALNYK,17,0,244,32,96,.333,22,69,.319,10,27,.370,16,22,.727,.426,16,20,36,19,6,1,26,21,90,2.1,-8.1,-53,ledori01
83,Nate Wolters,247,2014-15,NBA,MILNOP,21,0,247,20,57,.351,20,50,.400,0,7,.000,2,6,.333,.352,8,26,34,21,8,2,13,18,42,1.2,-5.8,-11,woltena01
84,Jordan Adams,248,2014-15,NBA,MEM,30,0,248,35,86,.407,25,61,.410,10,25,.400,14,23,.609,.489,9,19,28,16,16,7,14,24,94,2.2,1.4,17,adamsjo01
85,Chuck Hayes,255,2014-15,NBA,TOR,29,0,255,22,46,.478,22,46,.478,0,0,,6,11,.545,.492,18,33,51,20,10,4,8,37,50,1.8,-1.0,39,hayesch01
86,JaVale McGee,256,2014-15,NBA,DENPHI,23,0,256,42,79,.532,42,79,.532,0,0,,22,33,.667,.567,18,43,61,3,2,20,18,30,106,3.3,-2.8,-72,mcgeeja01
87,Noah Vonleh,257,2014-15,NBA,CHO,25,0,257,30,76,.395,25,63,.397,5,13,.385,18,26,.692,.475,28,58,86,4,4,9,11,20,83,2.8,-3.1,-67,vonleno01
88,Jeff Withey,257,2014-15,NBA,NOP,37,0,257,32,64,.500,32,64,.500,0,0,,34,50,.680,.570,23,41,64,11,4,18,12,26,98,2.4,-0.5,-42,witheje01
89,Nick Johnson,262,2014-15,NBA,HOU,28,0,262,26,75,.347,21,54,.389,5,21,.238,17,25,.680,.430,13,26,39,11,7,3,19,34,74,1.1,-6.5,-45,johnsni01
90,Glenn Robinson III,264,2014-15,NBA,MINPHI,35,1,264,26,67,.388,21,48,.438,5,19,.263,16,24,.667,.471,15,24,39,11,6,1,11,15,73,1.4,-5.4,27,robingl02
91,Jeremy Evans,265,2014-15,NBA,UTA,38,0,265,32,58,.552,30,53,.566,2,5,.400,24,29,.828,.636,26,45,71,13,11,12,5,29,90,2.7,4.2,34,evansje01
92,Joffrey Lauvergne,265,2014-15,NBA,DEN,24,1,265,36,89,.404,33,73,.452,3,16,.188,18,28,.643,.459,27,50,77,13,8,10,22,43,93,2.5,-5.6,-112,lauvejo01
93,John Salmons,270,2014-15,NBA,NOP,21,0,270,16,48,.333,8,22,.364,8,26,.308,2,4,.500,.422,4,17,21,13,9,4,5,25,42,1.3,-3.3,-63,salmojo01
94,John Lucas III,273,2014-15,NBA,DET,21,0,273,42,104,.404,33,75,.440,9,29,.310,5,5,1.000,.461,4,12,16,60,8,0,16,18,98,3.6,-2.2,-47,lucasjo02
95,Brandon Rush,273,2014-15,NBA,GSW,33,0,273,11,54,.204,8,27,.296,3,27,.111,5,11,.455,.255,4,37,41,12,5,12,11,27,30,0.2,-7.3,-122,rushbr01
96,Raymond Felton,281,2014-15,NBA,DAL,29,3,281,43,106,.406,33,72,.458,10,34,.294,12,15,.800,.480,2,24,26,41,11,4,18,17,108,2.6,-1.4,-22,feltora01
97,Gerald Wallace,289,2014-15,NBA,BOS,32,0,289,14,34,.412,13,31,.419,1,3,.333,6,15,.400,.431,17,40,57,11,15,4,18,19,35,1.2,-3.1,27,wallage01
98,John Jenkins,297,2014-15,NBA,ATL,24,3,297,49,99,.495,28,47,.596,21,52,.404,16,19,.842,.629,2,37,39,13,10,0,8,15,135,4.2,0.3,-20,jenkijo01
99,Josh McRoberts,297,2014-15,NBA,MIA,17,4,297,28,53,.528,20,34,.588,8,19,.421,8,13,.615,.613,7,38,45,33,12,3,22,41,72,3.5,-2.8,32,mcrobjo01
100,Darius Morris,299,2014-15,NBA,BRK,38,0,299,36,106,.340,29,73,.397,7,33,.212,4,9,.444,.377,7,20,27,48,9,0,21,20,83,1.2,-6.4,-63,morrida01
101,Doug McDermott,319,2014-15,NBA,CHI,36,0,319,43,107,.402,30,66,.455,13,41,.317,10,15,.667,.480,6,37,43,6,4,1,17,29,109,1.2,-6.0,-81,mcderdo01
102,A.J. Price,325,2014-15,NBA,CLEINDPHO,26,0,325,51,137,.372,36,80,.450,15,57,.263,16,24,.667,.451,6,26,32,46,7,0,14,15,133,3.3,-1.4,-64,priceaj01
103,Sebastian Telfair,327,2014-15,NBA,OKC,16,1,327,46,125,.368,28,65,.431,18,60,.300,24,34,.706,.479,2,28,30,45,10,0,18,29,134,5.2,-1.4,-64,telfase01
104,James Young,334,2014-15,NBA,BOS,31,0,334,36,102,.353,19,36,.528,17,66,.258,16,29,.552,.457,9,33,42,13,8,2,5,22,105,2.1,-3.4,5,youngja01
105,Reggie Bullock,339,2014-15,NBA,LACPHO,36,2,339,24,70,.343,9,24,.375,15,46,.326,6,9,.667,.466,1,49,50,8,10,4,8,19,69,1.3,-3.2,-4,bullore01
106,Austin Daye,345,2014-15,NBA,ATLSAS,34,4,345,50,141,.355,26,70,.371,24,71,.338,5,6,.833,.449,10,65,75,17,12,5,23,39,129,1.9,-4.2,-43,dayeau01
107,Martell Webster,350,2014-15,NBA,WAS,32,0,350,24,91,.264,14,48,.292,10,43,.233,48,64,.750,.445,10,36,46,17,7,1,22,24,106,1.6,-5.6,-133,webstma02
108,Kyle Anderson,354,2014-15,NBA,SAS,33,8,354,31,89,.348,28,78,.359,3,11,.273,9,14,.643,.389,5,67,72,28,15,7,10,28,74,1.9,-1.4,-35,anderky01
109,Greg Smith,362,2014-15,NBA,DAL,42,2,362,30,49,.612,30,49,.612,0,0,,20,39,.513,.605,26,53,79,9,7,11,11,53,80,1.7,-2.6,-25,smithgr02
110,Johnny O'Bryant,365,2014-15,NBA,MIL,34,15,365,44,120,.367,44,120,.367,0,0,,12,27,.444,.379,26,38,64,17,5,4,25,44,100,1.0,-9.5,-99,obryajo01
111,Jerome Jordan,381,2014-15,NBA,BRK,44,0,381,50,94,.532,50,94,.532,0,0,,38,44,.864,.609,52,53,105,13,8,15,22,58,138,2.8,-1.2,-76,jordaje01
112,Jeff Ayres,381,2014-15,NBA,SAS,51,0,381,55,95,.579,55,95,.579,0,0,,27,36,.750,.618,37,80,117,14,8,8,26,60,137,2.2,-2.2,-54,pendeje02
113,Troy Daniels,397,2014-15,NBA,CHOHOUMIN,47,0,397,61,165,.370,18,47,.383,43,118,.364,11,13,.846,.515,8,25,33,22,6,1,20,40,176,1.8,-3.2,-87,danietr01
114,Joel Anthony,406,2014-15,NBA,DET,49,0,406,36,62,.581,36,62,.581,0,0,,15,22,.682,.607,32,61,93,5,12,49,12,55,87,2.3,0.2,13,anthojo01
115,Erick Green,412,2014-15,NBA,DEN,43,1,412,61,162,.377,47,115,.409,14,47,.298,10,12,.833,.436,7,24,31,39,12,0,14,26,146,1.9,-4.3,-81,greener01
116,Tyler Ennis,413,2014-15,NBA,MILPHO,33,1,413,52,144,.361,40,101,.396,12,43,.279,5,7,.714,.411,7,28,35,73,18,5,42,36,121,2.1,-4.3,-58,ennisty01
117,Kendall Marshall,416,2014-15,NBA,MIL,28,3,416,46,101,.455,28,55,.509,18,46,.391,8,9,.889,.562,2,26,28,86,21,0,35,26,118,3.9,-0.8,56,marshke01
118,Jason Richardson,417,2014-15,NBA,PHI,19,15,417,62,178,.348,31,82,.378,31,96,.323,17,22,.773,.458,13,53,66,38,13,3,16,28,172,5.8,-1.3,-71,richaja01
119,Brandon Davies,424,2014-15,NBA,BRKPHI,27,6,424,55,137,.401,47,103,.456,8,34,.235,24,37,.649,.463,38,45,83,30,18,7,29,59,142,3.5,-4.5,-161,daviebr01
120,Jeff Taylor,431,2014-15,NBA,CHO,29,13,431,45,114,.395,34,78,.436,11,36,.306,26,41,.634,.481,14,39,53,22,12,1,19,36,127,2.6,-4.9,-127,tayloje03
121,Ryan Hollins,442,2014-15,NBA,SAC,46,9,442,53,82,.646,53,82,.646,0,0,,31,54,.574,.648,36,67,103,14,6,19,25,65,137,2.5,-2.3,-51,holliry01
122,Spencer Dinwiddie,458,2014-15,NBA,DET,34,1,458,51,169,.302,39,104,.375,12,65,.185,31,34,.912,.394,4,44,48,104,19,6,33,53,145,3.1,-2.8,-70,dinwisp01
123,Mitch McGary,485,2014-15,NBA,OKC,32,2,485,88,165,.533,88,163,.540,0,2,.000,25,40,.625,.550,53,112,165,14,16,16,31,72,201,5.1,-1.9,47,mcgarmi01
124,Elton Brand,487,2014-15,NBA,ATL,36,4,487,42,95,.442,42,94,.447,0,1,.000,12,23,.522,.457,28,72,100,22,17,25,18,54,96,2.6,-3.0,5,brandel01
125,Joe Harris,491,2014-15,NBA,CLE,51,1,491,48,120,.400,17,36,.472,31,84,.369,9,15,.600,.537,7,34,41,26,7,2,27,62,136,1.2,-5.6,-103,harrijo01
126,Andrew Nicholson,491,2014-15,NBA,ORL,40,3,491,83,190,.437,70,149,.470,13,41,.317,15,25,.600,.483,17,65,82,22,6,12,24,51,194,2.7,-4.9,-83,nichoan01
127,E'Twaun Moore,498,2014-15,NBA,CHI,56,0,498,62,139,.446,49,101,.485,13,38,.342,12,20,.600,.504,12,34,46,33,20,6,14,45,149,1.9,-1.5,-25,mooreet01
128,Michael Beasley,503,2014-15,NBA,MIA,24,1,503,92,212,.434,84,178,.472,8,34,.235,20,26,.769,.474,12,77,89,32,15,13,37,66,212,4.7,-4.5,3,beaslmi01
129,Mike Muscala,503,2014-15,NBA,ATL,40,8,503,83,151,.550,74,129,.574,9,22,.409,22,25,.880,.608,52,67,119,25,16,19,21,52,197,4.6,0.1,57,muscami01
130,Festus Ezeli,504,2014-15,NBA,GSW,46,7,504,76,139,.547,76,139,.547,0,0,,49,78,.628,.580,60,95,155,9,7,42,32,77,201,3.8,-1.8,16,ezelife01
131,Jimmer Fredette,509,2014-15,NBA,NOP,50,0,509,63,166,.380,54,118,.458,9,48,.188,43,45,.956,.479,8,32,40,58,15,2,33,43,178,2.2,-4.7,42,fredeji01
132,Chris Johnson,526,2014-15,NBA,MILPHIUTA,29,2,526,62,154,.403,34,59,.576,28,95,.295,14,16,.875,.515,8,47,55,15,26,7,15,44,166,3.8,-1.7,-31,johnsch04
133,Jordan Farmar,528,2014-15,NBA,LAC,36,0,528,61,158,.386,26,61,.426,35,97,.361,10,11,.909,.513,8,34,42,67,20,5,32,52,167,3.2,-1.4,-44,farmajo01
134,Cory Jefferson,530,2014-15,NBA,BRK,50,1,530,75,167,.449,73,152,.480,2,15,.133,31,54,.574,.480,47,98,145,16,10,21,20,61,183,2.8,-3.0,76,jeffeco01
135,Archie Goodwin,535,2014-15,NBA,PHO,41,2,535,79,201,.393,67,160,.419,12,41,.293,61,83,.735,.486,27,47,74,44,18,9,48,55,231,3.2,-3.4,-161,goodwar01
136,Furkan Aldemir,541,2014-15,NBA,PHI,41,9,541,40,78,.513,40,73,.548,0,5,.000,13,27,.481,.517,78,98,176,28,17,16,17,96,93,3.1,-3.6,-100,aldemfu01
137,Samuel Dalembert,544,2014-15,NBA,NYK,32,21,544,57,130,.438,57,130,.438,0,0,,14,20,.700,.461,53,115,168,29,14,41,39,70,128,3.9,-3.1,-176,dalemsa01
138,Lorenzo Brown,549,2014-15,NBA,MIN,29,7,549,52,122,.426,46,94,.489,6,28,.214,12,19,.632,.468,14,56,70,90,28,6,30,49,122,4.4,-2.5,-94,brownlo01
139,Sergey Karasev,557,2014-15,NBA,BRK,33,16,557,54,134,.403,38,80,.475,16,54,.296,29,38,.763,.508,22,44,66,46,23,1,24,45,153,3.6,-1.7,18,karasse01
140,Jabari Brown,567,2014-15,NBA,LAL,19,5,567,70,170,.412,47,108,.435,23,62,.371,64,85,.753,.547,3,33,36,40,12,2,32,33,227,7.1,-4.3,-126,brownja01
141,Larry Sanders,586,2014-15,NBA,MIL,27,26,586,86,172,.500,86,172,.500,0,0,,24,48,.500,.507,67,99,166,23,26,39,28,104,196,6.5,-1.0,-90,sandela01
142,Nate Robinson,591,2014-15,NBA,DENLAC,42,1,591,88,255,.345,57,143,.399,31,112,.277,31,46,.674,.432,17,33,50,97,20,3,30,76,238,3.3,-3.0,-128,robinna01
143,Dorell Wright,593,2014-15,NBA,POR,48,2,593,72,190,.379,31,82,.378,41,108,.380,34,42,.810,.525,14,97,111,41,20,11,18,55,219,3.5,1.8,77,wrighdo01
144,Phil Pressey,598,2014-15,NBA,BOS,50,0,598,64,174,.368,48,109,.440,16,65,.246,33,49,.673,.453,13,67,80,117,30,6,41,54,177,3.1,-1.2,3,pressph01
145,Tyler Johnson,600,2014-15,NBA,MIA,32,2,600,70,167,.419,52,119,.437,18,48,.375,32,47,.681,.506,14,67,81,42,33,9,30,42,190,4.6,-0.9,-63,johnsty01
146,Danny Granger,610,2014-15,NBA,MIA,30,6,610,65,162,.401,35,78,.449,30,84,.357,28,37,.757,.527,20,60,80,17,13,6,24,67,188,3.6,-3.9,-106,grangda01
147,T.J. Warren,616,2014-15,NBA,PHO,40,1,616,113,214,.528,108,193,.560,5,21,.238,14,19,.737,.551,41,44,85,25,18,9,27,51,245,4.4,-0.9,-92,warretj01
148,Joel Freeland,618,2014-15,NBA,POR,48,8,618,74,151,.490,74,151,.490,0,0,,21,25,.840,.522,62,129,191,16,9,23,23,93,169,3.1,-2.6,63,freeljo01
149,Henry Walker,627,2014-15,NBA,MIA,24,13,627,58,168,.345,13,36,.361,45,132,.341,14,18,.778,.497,7,75,82,29,24,9,24,76,175,4.3,-2.0,0,walkebi01
150,Perry Jones,631,2014-15,NBA,OKC,43,13,631,73,184,.397,59,124,.476,14,60,.233,24,37,.649,.459,6,70,76,18,17,8,24,50,184,2.2,-4.4,-130,jonespe01
151,Jeremy Lamb,633,2014-15,NBA,OKC,47,8,633,104,250,.416,66,139,.475,38,111,.342,49,55,.891,.538,8,99,107,44,21,6,27,52,295,4.3,1.6,-72,lambje01
152,Anderson Varejão,637,2014-15,NBA,CLE,26,26,637,111,200,.555,111,198,.561,0,2,.000,33,45,.733,.580,57,113,170,35,19,16,35,58,255,8.7,0.6,5,varejan01
153,Cleanthony Early,650,2014-15,NBA,NYK,39,7,650,76,214,.355,54,130,.415,22,84,.262,36,48,.750,.447,22,75,97,36,24,12,40,57,210,3.0,-5.2,-161,earlycl01
154,Justin Holiday,657,2014-15,NBA,GSW,59,4,657,91,235,.387,56,126,.444,35,109,.321,37,45,.822,.498,12,61,73,48,40,12,29,54,254,3.1,-1.4,-15,holidju01
155,Alonzo Gee,663,2014-15,NBA,DENPOR,54,2,663,87,186,.468,74,151,.490,13,35,.371,54,77,.701,.548,37,57,94,25,35,7,33,58,241,3.3,-0.6,-102,geeal01
156,James Jones,669,2014-15,NBA,CLE,57,2,669,74,201,.368,11,26,.423,63,175,.360,39,46,.848,.565,9,53,62,24,13,8,13,67,250,2.7,-0.7,-112,jonesja02
157,Travis Wear,669,2014-15,NBA,NYK,51,1,669,84,209,.402,73,179,.408,11,30,.367,20,26,.769,.451,31,75,106,40,15,11,35,55,199,2.4,-5.5,-80,weartr01
158,Maurice Harkless,674,2014-15,NBA,ORL,45,4,674,63,158,.399,53,102,.520,10,56,.179,22,41,.537,.449,38,68,106,25,32,9,27,66,158,2.5,-3.6,-90,harklma01
159,Charlie Villanueva,677,2014-15,NBA,DAL,64,1,677,150,362,.414,67,141,.475,83,221,.376,20,35,.571,.534,30,119,149,19,15,22,28,64,403,3.9,1.5,-54,villach01
160,Luke Ridnour,683,2014-15,NBA,ORL,47,0,683,75,176,.426,55,113,.487,20,63,.317,18,21,.857,.507,8,60,68,96,20,4,38,67,188,3.0,-3.3,-130,ridnolu01
161,Allen Crabbe,684,2014-15,NBA,POR,51,9,684,63,153,.412,33,68,.485,30,85,.353,12,16,.750,.525,7,66,73,39,19,15,15,74,168,2.4,-0.8,-25,crabbal01
162,P.J. Hairston,690,2014-15,NBA,CHO,45,2,690,87,269,.323,38,106,.358,49,163,.301,31,36,.861,.446,22,70,92,21,21,13,22,61,254,3.0,-2.9,-105,hairspj02
163,Ricky Rubio,692,2014-15,NBA,MIN,22,22,692,78,219,.356,65,168,.387,13,51,.255,57,71,.803,.452,19,106,125,193,38,1,64,59,226,10.4,-0.1,-10,rubiori01
164,Mike Miller,700,2014-15,NBA,CLE,52,15,700,37,114,.325,5,16,.313,32,98,.327,3,4,.750,.471,4,87,91,46,14,4,23,74,109,1.3,-3.4,-71,millemi01
165,Hedo Türkoğlu,705,2014-15,NBA,LAC,62,2,705,83,188,.441,23,49,.469,60,139,.432,6,11,.545,.602,5,94,99,37,19,7,29,66,232,2.5,-0.2,10,turkohe01
166,Justin Hamilton,709,2014-15,NBA,MIAMIN,41,14,709,85,178,.478,75,147,.510,10,31,.323,39,47,.830,.551,57,77,134,36,27,30,26,70,219,5.1,-0.8,-175,hamilju01
167,Marcus Thornton,721,2014-15,NBA,BOSPHO,48,0,721,140,345,.406,86,202,.426,54,143,.378,46,56,.821,.514,23,63,86,36,27,7,27,38,380,5.0,1.2,-4,thornma01
168,Gary Harris,723,2014-15,NBA,DEN,55,6,723,66,217,.304,45,114,.395,21,103,.204,35,47,.745,.395,21,43,64,29,39,7,38,71,188,1.5,-5.3,-171,harriga01
169,Garrett Temple,734,2014-15,NBA,WAS,52,18,734,68,170,.400,35,82,.427,33,88,.375,35,48,.729,.534,24,66,90,56,42,9,34,76,204,3.2,0.6,-46,templga01
170,Jabari Parker,738,2014-15,NBA,MIL,25,25,738,129,263,.490,125,247,.506,4,16,.250,46,66,.697,.527,50,88,138,42,31,5,47,42,308,9.2,-0.5,-112,parkeja01
171,Adreian Payne,741,2014-15,NBA,ATLMIN,32,22,741,91,220,.414,90,211,.427,1,9,.111,30,46,.652,.443,48,114,162,30,19,9,44,88,213,3.9,-6.9,-244,paynead01
172,Robbie Hummel,744,2014-15,NBA,MIN,45,4,744,79,172,.459,63,121,.521,16,51,.314,24,29,.828,.536,31,103,134,27,16,9,18,86,198,3.3,-4.1,-149,hummero01
173,Reggie Evans,767,2014-15,NBA,SAC,47,7,767,58,137,.423,58,135,.430,0,2,.000,60,97,.619,.490,97,202,299,32,22,5,45,91,176,3.9,-2.4,-45,evansre01
174,Alexey Shved,767,2014-15,NBA,HOUNYKPHI,42,9,767,133,335,.397,86,196,.439,47,139,.338,121,150,.807,.541,23,76,99,106,30,6,48,48,434,7.6,2.9,-132,shvedal01
175,Markel Brown,782,2014-15,NBA,BRK,47,29,782,76,210,.362,59,146,.404,17,64,.266,47,57,.825,.459,16,91,107,39,31,12,27,57,216,3.2,-2.6,-21,brownma02
176,Andrea Bargnani,785,2014-15,NBA,NYK,29,22,785,164,361,.454,149,320,.466,15,41,.366,87,107,.813,.527,32,95,127,46,2,27,42,53,430,9.5,-1.1,-271,bargnan01
177,Ben Gordon,789,2014-15,NBA,ORL,56,0,789,129,295,.437,94,198,.475,35,97,.361,56,67,.836,.538,6,57,63,50,14,1,55,60,349,3.2,-4.2,-137,gordobe01
178,Kostas Papanikolaou,796,2014-15,NBA,HOU,43,1,796,69,197,.350,38,91,.418,31,106,.292,13,18,.722,.444,39,79,118,85,29,13,55,71,182,3.1,-2.0,-36,papanko01
179,Aaron Gordon,797,2014-15,NBA,ORL,47,8,797,93,208,.447,80,160,.500,13,48,.271,44,61,.721,.517,46,123,169,33,21,22,38,83,243,3.9,-2.7,-164,gordoaa01
180,Thomas Robinson,798,2014-15,NBA,PHIPOR,54,4,798,126,260,.485,126,258,.488,0,2,.000,56,106,.528,.502,95,208,303,33,32,20,59,104,308,4.7,-2.0,11,robinth01
181,Patty Mills,799,2014-15,NBA,SAS,51,0,799,128,336,.381,66,154,.429,62,182,.341,33,40,.825,.496,21,54,75,87,28,2,35,58,351,4.5,-0.3,155,millspa02
182,Nikola Peković,817,2014-15,NBA,MIN,31,29,817,139,328,.424,139,328,.424,0,0,,108,129,.837,.502,89,145,234,27,19,12,42,59,386,9.4,-2.0,-57,pekovni01
183,Kyle O'Quinn,825,2014-15,NBA,ORL,51,17,825,119,242,.492,107,199,.538,12,43,.279,44,57,.772,.550,46,153,199,59,31,39,55,110,294,4.8,-0.3,-118,oquinky01
184,Jon Leuer,826,2014-15,NBA,MEM,63,6,826,121,273,.443,114,244,.467,7,29,.241,37,59,.627,.478,50,157,207,46,17,9,35,86,286,3.2,-2.8,-28,leuerjo01
185,Luke Babbitt,827,2014-15,NBA,NOP,63,19,827,92,192,.479,33,77,.429,59,115,.513,13,19,.684,.639,12,99,111,24,17,11,26,63,256,2.9,-0.4,-102,babbilu01
186,Chris Copeland,828,2014-15,NBA,IND,50,12,828,112,310,.361,60,143,.420,52,167,.311,33,45,.733,.468,23,88,111,51,11,11,59,78,309,2.8,-3.7,-27,copelch01
187,Shelvin Mack,833,2014-15,NBA,ATL,55,0,833,117,292,.401,77,165,.467,40,127,.315,25,31,.806,.489,8,71,79,155,30,2,49,32,299,4.4,-1.7,44,macksh01
188,Ish Smith,833,2014-15,NBA,OKCPHI,55,14,833,143,367,.390,125,307,.407,18,60,.300,34,57,.596,.431,15,85,100,180,36,6,78,50,338,4.2,-2.5,-102,smithis01
189,Nick Calathes,835,2014-15,NBA,MEM,58,0,835,104,247,.421,93,204,.456,11,43,.256,24,45,.533,.455,19,87,106,146,63,5,61,100,243,3.6,0.0,90,calatni01
190,Dewayne Dedmon,848,2014-15,NBA,ORL,59,15,848,91,162,.562,91,161,.565,0,1,.000,34,64,.531,.568,118,177,295,9,16,50,51,141,216,3.6,-3.5,-15,dedmode01
191,Meyers Leonard,850,2014-15,NBA,POR,55,7,850,125,245,.510,78,133,.586,47,112,.420,30,32,.938,.631,46,204,250,32,10,14,39,113,327,4.7,0.6,18,leoname01
192,Joey Dorsey,856,2014-15,NBA,HOU,69,17,856,80,145,.552,80,144,.556,0,1,.000,24,83,.289,.507,103,176,279,25,40,25,41,157,184,2.7,-3.1,16,dorsejo01
193,Drew Gooden,865,2014-15,NBA,WAS,51,7,865,110,276,.399,87,217,.401,23,59,.390,34,44,.773,.469,72,151,223,49,21,9,28,91,277,4.2,-1.4,-1,goodedr01
194,Shabazz Muhammad,867,2014-15,NBA,MIN,38,13,867,194,397,.489,174,346,.503,20,51,.392,104,145,.717,.556,63,91,154,44,18,7,35,49,512,9.6,0.7,-162,muhamsh01
195,Jason Maxiell,880,2014-15,NBA,CHO,61,0,880,81,192,.422,81,192,.422,0,0,,41,71,.577,.455,86,117,203,19,18,44,29,96,203,2.9,-3.2,-153,maxieja01
196,Terrence Jones,887,2014-15,NBA,HOU,33,24,887,158,299,.528,145,262,.553,13,37,.351,57,94,.606,.567,78,142,220,36,18,59,37,78,386,10.3,1.2,77,joneste01
197,Mirza Teletović,894,2014-15,NBA,BRK,40,4,894,122,319,.382,60,126,.476,62,193,.321,33,46,.717,.500,27,167,194,46,14,16,53,74,339,5.1,-1.7,-12,teletmi01
198,Tony Wroten,894,2014-15,NBA,PHI,30,15,894,175,434,.403,138,292,.473,37,142,.261,120,180,.667,.494,22,64,86,157,48,8,113,72,507,10.2,-1.2,-234,wroteto01
199,Anthony Bennett,896,2014-15,NBA,MIN,57,3,896,125,297,.421,118,274,.431,7,23,.304,41,64,.641,.458,52,164,216,48,27,16,36,87,298,3.8,-3.9,-298,bennean01
200,Alec Burks,899,2014-15,NBA,UTA,27,27,899,121,300,.403,95,232,.409,26,68,.382,106,129,.822,.524,19,95,114,82,17,5,52,64,374,9.1,-1.7,-129,burksal01
201,David Lee,904,2014-15,NBA,GSW,49,4,904,160,313,.511,160,311,.514,0,2,.000,68,104,.654,.541,81,176,257,85,31,26,49,83,388,7.2,0.9,25,leeda02
202,Glen Davis,909,2014-15,NBA,LAC,74,0,909,117,255,.459,117,251,.466,0,4,.000,60,95,.632,.495,43,126,169,39,41,21,39,132,294,2.8,-3.1,-80,davisgl01
203,Kevin Durant,914,2014-15,NBA,OKC,27,27,914,238,467,.510,174,308,.565,64,159,.403,146,171,.854,.633,16,162,178,110,24,25,74,40,686,19.7,10.0,170,duranke01
204,Elijah Millsap,924,2014-15,NBA,UTA,47,5,924,81,238,.340,53,148,.358,28,90,.311,58,86,.674,.450,28,122,150,58,56,16,67,124,248,3.2,-3.1,58,millsel01
205,Lou Amundson,937,2014-15,NBA,CLENYK,53,35,937,109,255,.427,109,254,.429,0,1,.000,41,87,.471,.442,94,174,268,70,22,52,62,126,259,4.1,-4.3,-148,amundlo01
206,Matt Bonner,937,2014-15,NBA,SAS,72,19,937,94,230,.409,48,104,.462,46,126,.365,30,37,.811,.536,29,86,115,47,10,12,11,65,264,2.8,-0.7,39,bonnema01
207,Isaiah Canaan,938,2014-15,NBA,HOUPHI,47,21,938,146,378,.386,55,132,.417,91,246,.370,49,60,.817,.534,18,69,87,98,29,3,62,83,432,5.5,-0.8,-64,canaais01
208,Kevin Garnett,948,2014-15,NBA,BRKMIN,47,47,948,143,306,.467,142,299,.475,1,7,.143,36,45,.800,.496,48,263,311,77,46,17,46,109,323,6.3,0.7,-25,garneke01
209,Willie Green,953,2014-15,NBA,ORL,52,2,953,118,306,.386,76,185,.411,42,121,.347,28,34,.824,.477,14,65,79,68,26,5,48,81,306,3.1,-4.2,-82,greenwi01
210,Alexis Ajinça,955,2014-15,NBA,NOP,68,8,955,181,329,.550,181,329,.550,0,0,,81,99,.818,.595,104,211,315,47,21,51,69,151,443,5.5,-0.3,-12,ajincal01
211,CJ McCollum,973,2014-15,NBA,POR,62,3,973,159,365,.436,104,226,.460,55,139,.396,51,73,.699,.534,14,77,91,64,43,8,48,81,424,4.3,-0.6,119,mccolcj01
212,Thabo Sefolosha,976,2014-15,NBA,ATL,52,7,976,104,249,.418,79,171,.462,25,78,.321,45,58,.776,.506,53,170,223,75,53,21,38,67,278,5.5,1.0,177,sefolth01
213,Cole Aldrich,978,2014-15,NBA,NYK,61,16,978,144,301,.478,144,301,.478,0,0,,50,64,.781,.513,101,237,338,75,37,65,59,122,338,5.7,0.3,-273,aldrico01
214,Will Barton,982,2014-15,NBA,DENPOR,58,0,982,150,353,.425,127,268,.474,23,85,.271,74,94,.787,.503,26,136,162,81,48,19,61,70,397,5.0,-0.2,-27,bartowi01
215,Leandro Barbosa,983,2014-15,NBA,GSW,66,1,983,183,386,.474,140,274,.511,43,112,.384,58,74,.784,.558,23,68,91,99,41,8,44,87,467,5.1,0.3,-2,barbole01
216,Ronnie Price,983,2014-15,NBA,LAL,43,20,983,77,223,.345,46,114,.404,31,109,.284,36,45,.800,.455,19,50,69,165,67,4,52,118,221,4.8,-2.6,-74,pricero01
217,Darrell Arthur,986,2014-15,NBA,DEN,58,4,986,155,384,.404,129,274,.471,26,110,.236,46,59,.780,.466,53,118,171,57,48,26,47,146,382,4.2,-1.7,-14,arthuda01
218,Nick Young,997,2014-15,NBA,LAL,42,0,997,174,476,.366,91,251,.363,83,225,.369,132,148,.892,.520,17,79,96,41,23,11,44,83,563,7.4,-1.3,-67,youngni01
219,Udonis Haslem,1000,2014-15,NBA,MIA,62,25,1000,107,239,.448,105,229,.459,2,10,.200,45,64,.703,.488,71,187,258,46,21,13,41,113,261,3.4,-3.7,-155,hasleud01
220,Shabazz Napier,1014,2014-15,NBA,MIA,51,10,1014,87,228,.382,44,110,.400,43,118,.364,44,56,.786,.517,17,96,113,130,40,4,81,76,261,3.8,-3.2,-32,napiesh01
221,Tiago Splitter,1030,2014-15,NBA,SAS,52,35,1030,169,303,.558,169,303,.558,0,0,,90,120,.750,.601,91,161,252,78,35,37,60,103,428,7.7,2.3,231,splitti01
222,Pero Antić,1041,2014-15,NBA,ATL,63,3,1041,108,296,.365,56,123,.455,52,173,.301,88,123,.715,.508,58,131,189,49,18,14,49,132,356,3.5,-4.1,152,anticpe01
223,Damjan Rudež,1050,2014-15,NBA,IND,68,2,1050,119,263,.452,50,93,.538,69,170,.406,16,23,.696,.591,8,39,47,53,16,5,47,79,323,2.6,-2.3,31,rudezda01
224,James Ennis III,1052,2014-15,NBA,MIA,62,3,1052,101,247,.409,70,152,.461,31,95,.326,79,94,.840,.541,51,125,176,48,25,17,39,89,312,3.9,-1.5,-7,ennisja01
225,Tyler Hansbrough,1057,2014-15,NBA,TOR,74,8,1057,86,165,.521,85,158,.538,1,7,.143,97,139,.698,.597,106,159,265,21,30,15,20,141,270,3.7,-1.3,191,hansbty01
226,Lavoy Allen,1066,2014-15,NBA,IND,63,0,1066,141,299,.472,141,299,.472,0,0,,33,47,.702,.493,123,200,323,73,15,42,40,102,315,5.0,0.0,87,allenla01
227,Rodney Hood,1070,2014-15,NBA,UTA,50,21,1070,155,374,.414,93,204,.456,62,170,.365,61,80,.763,.529,9,108,117,83,30,12,45,119,433,5.4,-0.7,57,hoodro01
228,Shawne Williams,1085,2014-15,NBA,DETMIA,63,22,1085,121,300,.403,57,122,.467,64,178,.360,35,40,.875,.537,36,130,166,44,25,21,30,135,341,3.6,-2.0,-101,willish03
229,Randy Foye,1088,2014-15,NBA,DEN,50,21,1088,148,402,.368,54,139,.388,94,263,.357,45,55,.818,.510,9,76,85,119,34,11,60,97,435,5.3,-1.2,-100,foyera01
230,Vince Carter,1092,2014-15,NBA,MEM,66,1,1092,135,406,.333,66,174,.379,69,232,.297,45,57,.789,.445,27,106,133,79,43,14,43,102,384,3.4,-1.7,31,cartevi01
231,Shawn Marion,1102,2014-15,NBA,CLE,57,24,1102,119,267,.446,107,221,.484,12,46,.261,26,34,.765,.489,64,138,202,51,27,27,33,58,276,4.3,-1.0,51,mariosh01
232,Nick Collison,1105,2014-15,NBA,OKC,66,2,1105,106,253,.419,90,193,.466,16,60,.267,45,65,.692,.485,90,160,250,90,35,25,45,156,273,3.8,-1.0,84,collini01
233,Jusuf Nurkić,1105,2014-15,NBA,DEN,62,27,1105,171,383,.446,171,381,.449,0,2,.000,84,132,.636,.483,125,257,382,50,52,68,86,207,426,5.4,-2.8,-4,nurkiju01
234,Donald Sloan,1113,2014-15,NBA,IND,53,21,1113,145,355,.408,104,224,.464,41,131,.313,60,77,.779,.503,12,131,143,190,23,0,65,47,391,5.9,-0.1,-83,sloando01
235,Mike Scott,1125,2014-15,NBA,ATL,68,0,1125,201,453,.444,135,261,.517,66,192,.344,61,77,.792,.543,45,154,199,75,25,3,39,83,529,5.5,-0.5,19,scottmi01
236,Aron Baynes,1126,2014-15,NBA,SAS,70,17,1126,185,327,.566,184,323,.570,1,4,.250,90,104,.865,.618,109,209,318,35,16,22,65,162,461,5.2,-1.8,136,baynear01
237,Robert Sacre,1128,2014-15,NBA,LAL,67,18,1128,126,306,.412,126,305,.413,0,1,.000,55,82,.671,.449,89,144,233,55,28,43,36,121,307,3.7,-3.5,-68,sacrero01
238,Nik Stauskas,1129,2014-15,NBA,SAC,73,1,1129,108,296,.365,60,147,.408,48,149,.322,55,64,.859,.492,11,77,88,67,20,17,40,92,319,2.5,-3.3,-132,stausni01
239,Chris Andersen,1131,2014-15,NBA,MIA,60,20,1131,120,207,.580,116,194,.598,4,13,.308,76,114,.667,.622,76,223,299,43,26,61,40,88,320,5.9,1.1,1,anderch01
240,JaKarr Sampson,1131,2014-15,NBA,PHI,74,32,1131,146,346,.422,115,219,.525,31,127,.244,63,94,.670,.498,35,128,163,77,38,26,76,135,386,3.1,-4.2,-336,sampsja02
241,Hassan Whiteside,1144,2014-15,NBA,MIA,48,32,1144,243,387,.628,243,387,.628,0,0,,78,156,.500,.619,145,337,482,6,27,123,58,129,564,11.9,4.1,-59,whiteha01
242,Ian Mahinmi,1146,2014-15,NBA,IND,61,6,1146,117,212,.552,117,212,.552,0,0,,31,102,.304,.516,105,251,356,33,30,46,59,172,265,4.0,-2.5,-8,mahinia01
243,Kendrick Perkins,1150,2014-15,NBA,CLEOKC,68,3,1150,102,227,.449,102,226,.451,0,1,.000,42,83,.506,.467,91,229,320,51,16,42,95,162,246,2.4,-5.4,22,perkike01
244,Brandon Jennings,1172,2014-15,NBA,DET,41,41,1172,218,543,.401,142,332,.428,76,211,.360,120,143,.839,.522,21,83,104,272,44,4,90,64,632,12.0,3.3,30,jennibr01
245,Ramon Sessions,1187,2014-15,NBA,SACWAS,64,10,1187,125,334,.374,106,274,.387,19,60,.317,133,173,.769,.490,23,121,144,182,29,0,86,73,402,4.6,-2.7,-161,sessira01
246,Gary Neal,1193,2014-15,NBA,CHOMIN,54,1,1193,188,503,.374,138,339,.407,50,164,.305,117,135,.867,.483,14,115,129,100,23,1,65,88,543,5.5,-3.4,-102,nealga01
247,Tarik Black,1195,2014-15,NBA,HOULAL,63,39,1195,157,273,.575,157,272,.577,0,1,.000,65,118,.551,.583,142,226,368,42,19,24,48,158,379,5.6,-2.1,-77,blackta01
248,Carl Landry,1195,2014-15,NBA,SAC,70,15,1195,190,369,.515,190,369,.515,0,0,,123,150,.820,.578,99,169,268,26,15,17,54,132,503,5.3,-2.3,-222,landrca01
249,Miles Plumlee,1195,2014-15,NBA,MILPHO,73,28,1195,136,254,.535,136,254,.535,0,0,,22,46,.478,.536,112,208,320,34,41,66,51,111,294,4.3,-0.6,0,plumlmi01
250,Pablo Prigioni,1197,2014-15,NBA,HOUNYK,67,3,1197,91,228,.399,34,62,.548,57,166,.343,35,41,.854,.557,30,89,119,171,79,1,62,88,274,4.5,0.0,-66,prigipa01
251,Marreese Speights,1204,2014-15,NBA,GSW,76,9,1204,318,646,.492,313,628,.498,5,18,.278,150,178,.843,.546,109,216,325,72,20,34,82,189,791,7.0,-1.9,180,speigma01
252,Kobe Bryant,1206,2014-15,NBA,LAL,35,35,1206,266,713,.373,212,529,.401,54,184,.293,196,241,.813,.477,26,173,199,197,47,7,128,65,782,13.6,0.3,-294,bryanko01
253,Dwight Howard,1224,2014-15,NBA,HOU,41,41,1224,251,423,.593,250,421,.594,1,2,.500,143,271,.528,.596,110,321,431,50,28,53,115,137,646,12.3,-0.4,216,howardw01
254,Jonas Jerebko,1231,2014-15,NBA,BOSDET,75,0,1231,169,379,.446,115,239,.481,54,140,.386,56,66,.848,.549,93,189,282,71,46,18,44,135,448,5.0,0.9,142,jerebjo01
255,Ryan Kelly,1232,2014-15,NBA,LAL,52,34,1232,104,309,.337,59,175,.337,45,134,.336,79,95,.832,.473,13,133,146,92,30,24,37,118,332,4.4,-3.3,-148,kellyry01
256,John Henson,1233,2014-15,NBA,MIL,67,11,1233,196,346,.566,196,346,.566,0,0,,78,137,.569,.578,124,188,312,59,28,135,87,152,470,6.6,0.7,-72,hensojo01
257,Kevin Séraphin,1236,2014-15,NBA,WAS,79,0,1236,231,450,.513,231,448,.516,0,2,.000,58,82,.707,.535,87,201,288,59,10,59,98,197,520,4.1,-3.8,-157,serapke01
258,Bismack Biyombo,1240,2014-15,NBA,CHO,64,21,1240,101,186,.543,101,186,.543,0,0,,102,175,.583,.578,159,248,407,16,18,99,52,140,304,5.6,-1.1,-33,biyombi01
259,Amar'e Stoudemire,1245,2014-15,NBA,DALNYK,59,15,1245,273,490,.557,273,486,.562,0,4,.000,134,186,.720,.595,110,219,329,45,29,38,78,161,680,8.7,0.1,-56,stoudam01
260,Richard Jefferson,1247,2014-15,NBA,DAL,74,18,1247,144,324,.444,78,169,.462,66,155,.426,78,114,.684,.577,25,158,183,61,32,11,52,115,432,4.0,-0.8,15,jefferi01
261,Andre Miller,1252,2014-15,NBA,SACWAS,81,0,1252,145,290,.500,138,256,.539,7,34,.206,58,77,.753,.548,37,116,153,284,32,6,104,103,355,4.4,-2.1,-128,millean02
262,George Hill,1266,2014-15,NBA,IND,43,36,1266,255,535,.477,186,342,.544,69,193,.358,113,143,.790,.579,25,154,179,220,44,14,69,111,692,13.2,5.3,161,hillge01
263,José Calderón,1269,2014-15,NBA,NYK,42,42,1269,147,354,.415,88,212,.415,59,142,.415,29,32,.906,.519,19,105,124,198,31,0,75,76,382,7.2,-3.0,-338,caldejo01
264,Spencer Hawes,1276,2014-15,NBA,LAC,73,15,1276,163,415,.393,108,239,.452,55,176,.313,44,68,.647,.478,30,228,258,88,24,53,61,173,425,3.7,-2.3,-91,hawessp01
265,Andre Roberson,1282,2014-15,NBA,OKC,67,65,1282,92,201,.458,71,116,.612,21,85,.247,23,48,.479,.513,60,195,255,70,53,29,46,141,228,3.5,-0.7,103,roberan03
266,Chase Budinger,1287,2014-15,NBA,MIN,67,4,1287,169,390,.433,117,247,.474,52,143,.364,67,81,.827,.537,33,165,198,64,44,10,49,72,457,5.0,-1.8,-263,budinch01
267,Quincy Acy,1288,2014-15,NBA,NYK,68,22,1288,152,331,.459,134,271,.494,18,60,.300,76,97,.784,.533,79,222,301,68,27,22,60,147,398,4.6,-3.1,-209,acyqu01
268,Jrue Holiday,1301,2014-15,NBA,NOP,40,37,1301,238,534,.446,187,399,.469,51,135,.378,65,76,.855,.522,32,103,135,274,63,23,91,110,592,12.5,2.8,98,holidjr01
269,Kevin Martin,1303,2014-15,NBA,MIN,39,36,1303,267,625,.427,192,434,.442,75,191,.393,170,193,.881,.549,19,123,142,89,33,1,76,76,779,12.3,-0.7,-251,martike02
270,Ersan İlyasova,1319,2014-15,NBA,MIL,58,36,1319,263,557,.472,189,367,.515,74,190,.389,69,107,.645,.554,80,197,277,56,36,19,45,149,669,8.1,1.1,26,ilyaser01
271,Kent Bazemore,1325,2014-15,NBA,ATL,75,10,1325,141,331,.426,93,199,.467,48,132,.364,60,100,.600,.520,21,201,222,78,52,33,73,127,390,3.7,-2.1,-95,bazemke01
272,Brian Roberts,1332,2014-15,NBA,CHO,72,10,1332,176,452,.389,114,259,.440,62,193,.321,66,74,.892,.495,13,96,109,162,33,6,57,75,480,4.6,-1.7,-87,roberbr01
273,Kris Humphries,1346,2014-15,NBA,WAS,64,17,1346,211,446,.473,211,439,.481,0,7,.000,87,117,.744,.512,118,298,416,57,34,25,46,130,509,6.8,-1.0,-85,humphkr01
274,Kosta Koufos,1350,2014-15,NBA,MEM,81,3,1350,182,358,.508,182,358,.508,0,0,,55,85,.647,.530,121,305,426,37,29,63,69,148,419,4.6,-1.2,98,koufoko01
275,K.J. McDaniels,1353,2014-15,NBA,HOUPHI,62,15,1353,172,434,.396,129,284,.454,43,150,.287,100,133,.752,.494,65,135,200,72,44,70,105,126,487,5.0,-2.8,-261,mcdankj01
276,Al-Farouq Aminu,1368,2014-15,NBA,DAL,74,3,1368,147,357,.412,113,233,.485,34,124,.274,84,118,.712,.504,114,228,342,59,70,62,55,137,412,5.4,0.7,102,aminual01
277,J.J. Barea,1368,2014-15,NBA,DAL,77,10,1368,225,536,.420,171,369,.463,54,167,.323,76,94,.809,.502,23,111,134,263,33,1,70,104,580,5.8,-0.3,118,bareajo01
278,James Johnson,1368,2014-15,NBA,TOR,70,17,1368,238,404,.589,227,353,.643,11,51,.216,67,102,.657,.617,61,196,257,95,54,70,79,155,554,6.9,2.4,147,johnsja01
279,Jerami Grant,1380,2014-15,NBA,PHI,65,11,1380,124,352,.352,75,196,.383,49,156,.314,114,193,.591,.470,49,149,198,79,40,68,85,144,411,4.0,-3.3,-178,grantje01
280,Matthew Dellavedova,1381,2014-15,NBA,CLE,67,13,1381,111,307,.362,43,140,.307,68,167,.407,29,38,.763,.493,37,89,126,204,24,2,61,152,319,3.6,-2.8,38,dellama01
281,Marco Belinelli,1386,2014-15,NBA,SAS,62,9,1386,199,470,.423,113,240,.471,86,230,.374,84,99,.848,.553,26,131,157,94,31,3,61,85,568,6.0,-1.0,-5,belinma01
282,Tayshaun Prince,1397,2014-15,NBA,BOSDETMEM,58,16,1397,177,402,.440,146,335,.436,31,67,.463,49,65,.754,.504,52,158,210,93,29,16,35,55,434,6.0,-0.6,-131,princta01
283,Chris Kaman,1400,2014-15,NBA,POR,74,13,1400,283,549,.515,283,549,.515,0,0,,72,102,.706,.537,149,335,484,65,18,54,108,140,638,6.7,-0.8,-8,kamanch01
284,Henry Sims,1401,2014-15,NBA,PHI,73,32,1401,238,502,.474,234,480,.488,4,22,.182,106,137,.774,.521,121,238,359,79,39,30,99,135,586,6.0,-2.8,-331,simshe01
285,Jameer Nelson,1403,2014-15,NBA,BOSDALDEN,63,29,1403,205,504,.407,116,246,.472,89,258,.345,24,36,.667,.503,33,113,146,253,47,6,109,136,523,5.9,-1.0,-13,nelsoja01
286,Tony Snell,1412,2014-15,NBA,CHI,72,22,1412,159,371,.429,86,174,.494,73,197,.371,44,55,.800,.550,31,145,176,62,32,11,48,86,435,4.2,-1.4,55,snellto01
287,J.J. Hickson,1415,2014-15,NBA,DEN,73,8,1415,218,459,.475,218,457,.477,0,2,.000,116,201,.577,.504,150,302,452,57,36,35,96,136,552,5.9,-2.7,-232,hicksjj01
288,Omri Casspi,1418,2014-15,NBA,SAC,67,19,1418,209,427,.489,174,340,.512,35,87,.402,140,191,.733,.580,54,206,260,102,31,9,88,107,593,6.5,-0.8,-183,casspom01
289,C.J. Watson,1419,2014-15,NBA,IND,57,21,1419,181,417,.434,111,242,.459,70,175,.400,138,167,.826,.581,18,145,163,208,57,9,100,107,570,8.1,1.3,4,watsocj01
290,Danilo Gallinari,1421,2014-15,NBA,DEN,59,27,1421,228,568,.401,121,267,.453,107,301,.355,171,191,.895,.563,31,187,218,83,47,20,57,94,734,8.8,2.4,23,gallida01
291,Kelly Olynyk,1424,2014-15,NBA,BOS,64,13,1424,251,528,.475,190,353,.538,61,175,.349,93,136,.684,.558,92,211,303,109,64,39,98,213,656,7.5,0.4,227,olynyke01
292,Carmelo Anthony,1430,2014-15,NBA,NYK,40,40,1430,358,806,.444,297,627,.474,61,179,.341,189,237,.797,.531,72,192,264,122,40,17,89,87,966,16.2,3.0,-108,anthoca01
293,Ray McCallum,1431,2014-15,NBA,SAC,68,30,1431,206,470,.438,172,359,.479,34,111,.306,57,84,.679,.496,52,128,180,188,45,11,85,92,503,5.6,-2.0,-238,mccalra01
294,Anthony Tolliver,1434,2014-15,NBA,DETPHO,76,11,1434,161,393,.410,55,103,.534,106,290,.366,54,69,.783,.569,51,185,236,59,24,16,51,137,482,4.3,-1.4,105,tollian01
295,Otto Porter Jr.,1437,2014-15,NBA,WAS,74,13,1437,176,391,.450,141,287,.491,35,104,.337,58,79,.734,.523,70,151,221,65,44,30,52,97,445,4.7,-0.5,-36,porteot01
296,Cory Joseph,1444,2014-15,NBA,SAS,79,14,1444,207,411,.504,191,367,.520,16,44,.364,105,143,.734,.564,44,148,192,188,46,17,67,105,535,6.0,1.4,175,josepco01
297,Gerald Green,1447,2014-15,NBA,PHO,74,4,1447,324,778,.416,187,391,.478,137,387,.354,99,120,.825,.532,33,153,186,91,42,12,104,145,884,6.5,-0.3,-4,greenge01
298,Brandan Wright,1448,2014-15,NBA,BOSDALPHO,75,7,1448,233,363,.642,233,360,.647,0,3,.000,78,112,.696,.660,128,193,321,41,50,94,34,102,544,7.8,3.7,-15,wrighbr03
299,Langston Galloway,1459,2014-15,NBA,NYK,45,41,1459,204,511,.399,142,335,.424,62,176,.352,63,78,.808,.489,37,153,190,150,52,12,61,129,533,8.3,-2.3,-269,gallola01
300,Derrick Williams,1460,2014-15,NBA,SAC,74,6,1460,217,485,.447,168,329,.511,49,156,.314,134,196,.684,.540,41,161,202,50,34,4,56,67,617,5.5,-2.0,-259,willide02
301,Jodie Meeks,1463,2014-15,NBA,DET,60,0,1463,222,534,.416,148,322,.460,74,212,.349,145,160,.906,.548,12,92,104,79,59,6,57,76,663,7.3,-0.5,-95,meeksjo01
302,Shaun Livingston,1469,2014-15,NBA,GSW,78,2,1469,198,396,.500,198,394,.503,0,2,.000,65,91,.714,.529,43,140,183,259,49,20,102,110,461,5.4,-0.8,53,livinsh01
303,Jordan Clarkson,1474,2014-15,NBA,LAL,59,38,1474,267,596,.448,229,475,.482,38,121,.314,131,158,.829,.528,56,135,191,206,51,12,96,109,703,8.9,0.2,-242,clarkjo01
304,Cody Zeller,1487,2014-15,NBA,CHO,62,45,1487,172,373,.461,171,372,.460,1,1,1.000,127,164,.774,.530,97,265,362,100,34,49,62,156,472,6.9,-0.6,19,zelleco01
305,Lance Thomas,1491,2014-15,NBA,NYKOKC,62,37,1491,182,442,.412,175,420,.417,7,22,.318,72,99,.727,.456,65,130,195,69,37,8,74,101,443,4.1,-5.6,-339,thomala01
306,Beno Udrih,1494,2014-15,NBA,MEM,79,12,1494,246,505,.487,220,408,.539,26,97,.268,87,102,.853,.550,20,123,143,220,46,8,89,88,605,6.0,0.5,-4,udrihbe01
307,Rasual Butler,1509,2014-15,NBA,WAS,75,1,1509,218,517,.422,127,282,.450,91,235,.387,53,67,.791,.531,27,170,197,63,29,22,48,98,580,4.9,-0.8,-58,butlera01
308,Dennis Schröder,1515,2014-15,NBA,ATL,77,10,1515,284,665,.427,232,517,.449,52,148,.351,148,179,.827,.516,29,135,164,317,49,4,150,127,768,7.0,-1.3,5,schrode01
309,Alex Len,1518,2014-15,NBA,PHO,69,44,1518,179,353,.507,178,350,.509,1,3,.333,73,104,.702,.542,142,312,454,32,34,105,74,213,432,5.9,-1.8,-23,lenal01
310,Steve Blake,1529,2014-15,NBA,POR,81,0,1529,122,327,.373,45,108,.417,77,219,.352,29,41,.707,.507,16,121,137,288,41,5,104,118,350,3.8,-1.8,109,blakest01
311,Derrick Rose,1531,2014-15,NBA,CHI,51,51,1531,338,835,.405,262,564,.465,76,271,.280,152,187,.813,.493,35,126,161,251,36,16,161,63,904,10.6,-0.6,123,rosede01
312,Iman Shumpert,1542,2014-15,NBA,CLENYK,62,25,1542,193,471,.410,126,275,.458,67,196,.342,43,64,.672,.497,55,169,224,135,81,16,91,138,496,5.9,-0.9,62,shumpim01
313,Chris Bosh,1557,2014-15,NBA,MIA,44,44,1557,343,745,.460,280,577,.485,63,168,.375,179,232,.772,.548,46,264,310,95,41,25,95,69,928,14.5,1.3,-99,boshch01
314,Austin Rivers,1561,2014-15,NBA,LACNOP,76,5,1561,203,496,.409,164,365,.449,39,131,.298,85,126,.675,.481,27,125,152,155,48,14,65,146,530,4.6,-2.8,-122,riverau01
315,Trevor Booker,1562,2014-15,NBA,UTA,79,5,1562,226,464,.487,197,380,.518,29,84,.345,86,148,.581,.536,139,258,397,83,43,41,88,144,567,5.9,-0.2,33,booketr01
316,Darren Collison,1562,2014-15,NBA,SAC,45,45,1562,260,550,.473,200,389,.514,60,161,.373,145,184,.788,.575,19,124,143,252,67,14,112,95,725,12.9,2.1,35,collida01
317,Jared Sullinger,1568,2014-15,NBA,BOS,58,49,1568,311,708,.439,259,524,.494,52,184,.283,96,129,.744,.503,147,294,441,134,44,42,78,153,770,10.4,1.1,-23,sullija01
318,Lance Stephenson,1574,2014-15,NBA,CHO,61,25,1574,207,550,.376,189,445,.425,18,105,.171,69,110,.627,.419,39,238,277,240,38,8,128,134,501,5.1,-4.5,-217,stephla01
319,Andrew Bogut,1583,2014-15,NBA,GSW,67,65,1583,200,355,.563,200,355,.563,0,0,,22,42,.524,.565,141,402,543,180,39,113,106,188,422,7.9,2.4,540,bogutan01
320,Michael Kidd-Gilchrist,1588,2014-15,NBA,CHO,55,52,1588,224,482,.465,224,482,.465,0,0,,150,214,.701,.519,109,307,416,77,30,38,63,115,598,9.0,-0.5,75,kiddgmi01
321,Manu Ginóbili,1591,2014-15,NBA,SAS,70,0,1591,251,589,.426,162,331,.489,89,258,.345,147,204,.721,.544,28,183,211,293,67,20,154,138,738,7.9,1.7,315,ginobma01
322,Kirk Hinrich,1611,2014-15,NBA,CHI,66,22,1611,142,381,.373,84,213,.394,58,168,.345,35,50,.700,.468,20,101,121,148,46,14,73,144,377,3.5,-3.8,41,hinriki01
323,Caron Butler,1626,2014-15,NBA,DET,78,21,1626,161,396,.407,78,177,.441,83,219,.379,55,61,.902,.544,21,175,196,79,43,4,49,120,460,4.1,-1.7,-20,butleca01
324,Robin Lopez,1638,2014-15,NBA,POR,59,59,1638,234,437,.535,234,436,.537,0,1,.000,98,127,.772,.574,190,204,394,55,16,84,73,122,566,8.9,0.1,147,lopezro01
325,Jason Terry,1641,2014-15,NBA,HOU,77,18,1641,188,446,.422,62,123,.504,126,323,.390,39,48,.813,.579,15,106,121,147,66,19,74,116,541,5.3,0.5,141,terryja01
326,Tony Allen,1647,2014-15,NBA,MEM,63,41,1647,225,455,.495,215,426,.505,10,29,.345,79,126,.627,.528,103,177,280,86,129,30,86,166,539,7.5,1.6,247,allento01
327,Dante Cunningham,1650,2014-15,NBA,NOP,66,27,1650,155,339,.457,154,329,.468,1,10,.100,29,47,.617,.473,70,186,256,50,46,37,35,101,340,4.5,-2.5,-24,cunnida01
328,Jae Crowder,1653,2014-15,NBA,BOSDAL,82,17,1653,229,545,.420,168,337,.499,61,208,.293,109,141,.773,.517,72,221,293,94,72,25,49,137,628,6.0,0.5,74,crowdja01
329,Nikola Mirotić,1658,2014-15,NBA,CHI,82,3,1658,253,624,.405,154,311,.495,99,313,.316,228,284,.803,.556,63,341,404,97,54,54,89,172,833,7.6,2.3,170,mirotni01
330,Evan Fournier,1659,2014-15,NBA,ORL,58,32,1659,253,575,.440,168,350,.480,85,225,.378,107,147,.728,.546,28,125,153,120,40,2,82,116,698,7.5,-1.8,-149,fournev01
331,Luis Scola,1659,2014-15,NBA,IND,81,16,1659,300,642,.467,295,622,.474,5,20,.250,158,226,.699,.515,138,388,526,105,47,18,94,192,763,7.2,-0.3,37,scolalu01
332,Joe Ingles,1673,2014-15,NBA,UTA,79,32,1673,147,354,.415,75,152,.493,72,202,.356,30,40,.750,.533,22,153,175,182,72,10,98,124,396,4.1,-1.2,-49,inglejo01
333,Wayne Ellington,1676,2014-15,NBA,LAL,65,36,1676,254,617,.412,164,374,.439,90,243,.370,52,64,.813,.504,31,179,210,105,33,2,50,77,650,6.4,-2.3,-123,ellinwa01
334,Ryan Anderson,1677,2014-15,NBA,NOP,61,5,1677,291,729,.399,169,370,.457,122,359,.340,129,151,.854,.524,108,187,295,55,33,20,62,113,833,8.9,-0.3,-23,anderry01
335,Tim Hardaway Jr.,1683,2014-15,NBA,NYK,70,30,1683,279,717,.389,158,363,.435,121,354,.342,125,156,.801,.512,12,144,156,127,20,14,82,119,804,6.3,-2.8,-352,hardati02
336,Devin Harris,1686,2014-15,NBA,DAL,76,3,1686,219,524,.418,124,258,.481,95,266,.357,132,162,.815,.559,13,122,135,237,78,14,85,147,665,7.0,1.4,91,harride01
337,Carlos Boozer,1692,2014-15,NBA,LAL,71,26,1692,371,743,.499,371,743,.499,0,0,,94,150,.627,.517,111,371,482,95,41,12,92,184,836,8.2,-1.7,-317,boozeca01
338,Taj Gibson,1694,2014-15,NBA,CHI,62,17,1694,254,506,.502,254,506,.502,0,0,,132,184,.717,.545,162,234,396,71,36,75,77,162,640,8.8,-0.4,36,gibsota01
339,Nenê,1695,2014-15,NBA,WAS,67,58,1695,307,601,.511,306,596,.513,1,5,.200,122,202,.604,.534,84,261,345,123,66,22,124,180,737,7.7,-0.8,169,hilarne01
340,O.J. Mayo,1696,2014-15,NBA,MIL,71,15,1696,296,701,.422,197,424,.465,99,277,.357,115,139,.827,.529,30,157,187,197,57,18,128,165,806,7.1,-0.6,-64,mayooj01
341,Jamal Crawford,1706,2014-15,NBA,LAC,64,4,1706,332,839,.396,213,475,.448,119,364,.327,227,252,.901,.532,18,106,124,158,59,14,92,108,1010,9.9,0.7,77,crawfja01
342,Jared Dudley,1716,2014-15,NBA,MIL,72,22,1716,198,423,.468,124,231,.537,74,192,.385,48,67,.716,.572,45,175,220,130,72,11,62,113,518,6.1,0.6,110,dudleja01
343,Jerryd Bayless,1723,2014-15,NBA,MIL,77,4,1723,220,516,.426,183,396,.462,37,120,.308,121,137,.883,.519,22,189,211,233,59,12,133,163,598,5.5,-2.1,-13,bayleje01
344,Isaiah Thomas,1726,2014-15,NBA,BOSPHO,67,1,1726,335,797,.420,206,451,.457,129,346,.373,302,348,.868,.579,33,120,153,284,57,5,143,150,1101,11.6,3.2,175,thomais02
345,Patrick Beverley,1729,2014-15,NBA,HOU,56,55,1729,204,532,.383,89,209,.426,115,323,.356,45,60,.750,.509,67,170,237,192,59,23,83,182,568,7.6,0.1,69,beverpa01
346,Tyler Zeller,1729,2014-15,NBA,BOS,82,59,1729,340,619,.549,340,619,.549,0,0,,153,186,.823,.594,146,319,465,113,18,52,76,205,833,8.5,0.9,-114,zellety01
347,Zaza Pachulia,1730,2014-15,NBA,MIL,73,45,1730,240,529,.454,240,526,.456,0,3,.000,126,160,.788,.506,197,303,500,178,80,21,133,170,606,7.7,0.4,261,pachuza01
348,Mason Plumlee,1739,2014-15,NBA,BRK,82,45,1739,280,489,.573,280,486,.576,0,3,.000,157,317,.495,.570,175,337,512,74,65,63,106,207,717,7.5,0.1,-179,plumlma01
349,Kyle Singler,1741,2014-15,NBA,DETOKC,80,58,1741,172,446,.386,76,205,.371,96,241,.398,40,52,.769,.512,33,161,194,85,47,21,55,153,480,3.9,-2.1,-94,singlky01
350,Alan Anderson,1743,2014-15,NBA,BRK,74,19,1743,195,440,.443,122,230,.530,73,210,.348,82,101,.812,.563,31,173,204,83,56,5,60,148,545,5.1,-1.5,-58,anderal01
351,Steven Adams,1776,2014-15,NBA,OKC,70,67,1776,217,399,.544,217,397,.547,0,2,.000,103,205,.502,.549,199,324,523,66,38,86,99,222,537,7.1,-1.3,46,adamsst01
352,Hollis Thompson,1776,2014-15,NBA,PHI,71,23,1776,224,543,.413,109,256,.426,115,287,.401,63,89,.708,.538,53,145,198,85,57,26,66,141,626,5.9,-1.8,-345,thompho01
353,Jason Smith,1786,2014-15,NBA,NYK,82,31,1786,257,592,.434,242,550,.440,15,42,.357,127,153,.830,.497,98,226,324,140,32,44,104,205,656,5.4,-3.8,-423,smithja02
354,Quincy Pondexter,1792,2014-15,NBA,MEMNOP,75,30,1792,188,447,.421,97,203,.478,91,244,.373,71,96,.740,.550,53,142,195,94,19,24,51,150,538,4.8,-2.1,11,pondequ01
355,Anthony Morrow,1808,2014-15,NBA,OKC,74,0,1808,285,615,.463,144,290,.497,141,325,.434,79,89,.888,.604,40,155,195,60,54,11,38,135,790,7.5,1.8,224,morroan01
356,Marcus Smart,1810,2014-15,NBA,BOS,67,38,1810,175,477,.367,84,205,.410,91,272,.335,82,127,.646,.491,61,161,222,208,99,18,90,176,523,6.4,-0.5,61,smartma01
357,Dante Exum,1821,2014-15,NBA,UTA,82,41,1821,145,416,.349,62,152,.408,83,264,.314,20,32,.625,.457,27,104,131,198,41,14,118,147,393,2.7,-4.3,97,exumda01
358,Norris Cole,1830,2014-15,NBA,MIANOP,75,25,1830,230,558,.412,175,382,.458,55,176,.313,58,81,.716,.483,13,146,159,255,57,15,99,124,573,5.5,-2.8,-184,coleno01
359,Mike Dunleavy,1837,2014-15,NBA,CHI,63,63,1837,209,481,.435,102,218,.468,107,263,.407,70,87,.805,.573,28,220,248,114,39,21,60,123,595,7.1,0.0,209,dunlemi02
360,Ed Davis,1842,2014-15,NBA,LAL,79,24,1842,282,469,.601,282,469,.601,0,0,,92,189,.487,.594,230,370,600,94,49,98,58,202,656,9.1,1.5,-263,davised01
361,C.J. Miles,1843,2014-15,NBA,IND,70,40,1843,329,827,.398,175,381,.459,154,446,.345,130,161,.807,.525,18,196,214,75,60,26,73,132,942,8.0,0.9,161,milescj01
362,Bojan Bogdanović,1856,2014-15,NBA,BRK,78,28,1856,261,576,.453,170,320,.531,91,256,.355,87,106,.821,.562,50,163,213,68,34,9,78,104,700,5.7,-1.7,-182,bogdabo02
363,Shane Larkin,1864,2014-15,NBA,NYK,76,22,1864,187,432,.433,152,316,.481,35,116,.302,61,78,.782,.504,29,147,176,226,93,9,83,150,470,5.5,-2.8,-398,larkish01
364,Channing Frye,1867,2014-15,NBA,ORL,75,51,1867,191,487,.392,55,141,.390,136,346,.393,31,35,.886,.546,27,266,293,94,47,39,78,191,549,4.9,-1.5,-252,fryech01
365,Jordan Hill,1877,2014-15,NBA,LAL,70,57,1877,357,777,.459,354,766,.462,3,11,.273,124,168,.738,.494,174,382,556,103,34,52,106,164,841,9.0,-2.2,-398,hilljo01
366,Rodney Stuckey,1878,2014-15,NBA,IND,71,36,1878,332,754,.440,277,613,.452,55,141,.390,177,216,.819,.528,36,212,248,219,56,10,118,131,896,8.7,0.3,-19,stuckro01
367,Aaron Brooks,1885,2014-15,NBA,CHI,82,21,1885,344,817,.421,223,504,.442,121,313,.387,145,174,.833,.534,32,134,166,261,54,15,157,189,954,7.1,-0.8,210,brookaa01
368,David West,1896,2014-15,NBA,IND,66,66,1896,323,686,.471,319,666,.479,4,20,.200,119,161,.739,.508,108,341,449,223,48,48,120,160,769,9.6,1.6,-19,westda01
369,Zach LaVine,1906,2014-15,NBA,MIN,77,40,1906,286,677,.422,229,510,.449,57,167,.341,149,177,.842,.515,27,187,214,276,54,10,193,158,778,6.2,-4.6,-541,lavinza01
370,Jeremy Lin,1910,2014-15,NBA,LAL,74,30,1910,277,654,.424,212,478,.444,65,176,.369,213,268,.795,.539,26,170,196,339,82,32,166,189,832,8.5,-0.4,-253,linje01
371,Paul Pierce,1913,2014-15,NBA,WAS,73,73,1913,293,656,.447,175,353,.496,118,303,.389,164,210,.781,.580,45,249,294,144,46,24,92,160,868,8.5,1.5,168,piercpa01
372,Luc Mbah a Moute,1916,2014-15,NBA,PHI,67,61,1916,251,636,.395,189,434,.435,62,202,.307,96,163,.589,.466,82,246,328,106,81,21,99,104,660,6.7,-2.8,-368,mbahalu01
373,Roy Hibbert,1930,2014-15,NBA,IND,76,76,1930,317,710,.446,317,708,.448,0,2,.000,168,204,.824,.501,156,384,540,84,18,125,107,216,802,8.1,-1.2,-62,hibbero01
374,Brandon Bass,1932,2014-15,NBA,BOS,82,43,1932,344,683,.504,335,651,.515,9,32,.281,169,214,.790,.557,139,259,398,104,41,32,83,140,866,8.3,0.0,-176,bassbr01
375,Robert Covington,1956,2014-15,NBA,PHI,70,49,1956,299,756,.396,132,310,.426,167,446,.374,178,217,.820,.554,65,251,316,105,97,31,128,189,943,9.0,0.7,-150,covinro01
376,Tony Parker,1957,2014-15,NBA,SAS,68,68,1957,404,832,.486,366,743,.493,38,89,.427,130,166,.783,.539,15,114,129,335,44,2,146,108,976,9.9,-1.3,197,parketo01
377,D.J. Augustin,1964,2014-15,NBA,DETOKC,82,14,1964,258,647,.399,175,401,.436,83,246,.337,178,205,.868,.527,20,141,161,353,49,3,145,93,777,7.2,-1.2,-68,augusdj01
378,Dwyane Wade,1974,2014-15,NBA,MIA,62,62,1974,509,1084,.470,480,982,.489,29,102,.284,284,370,.768,.534,58,161,219,299,73,21,209,105,1331,14.1,2.1,-58,wadedw01
379,Mo Williams,1977,2014-15,NBA,CHOMIN,68,33,1977,341,860,.397,222,512,.434,119,348,.342,163,187,.872,.512,22,152,174,424,46,14,172,162,964,9.8,-0.8,-101,willima01
380,Ömer Aşık,1978,2014-15,NBA,NOP,76,76,1978,213,412,.517,213,412,.517,0,0,,131,225,.582,.545,244,504,748,72,29,54,95,144,557,7.9,-1.2,23,asikom01
381,Amir Johnson,1979,2014-15,NBA,TOR,75,72,1979,298,519,.574,279,473,.590,19,46,.413,79,129,.612,.603,159,297,456,117,44,59,110,225,694,8.0,-0.1,61,johnsam01
382,Boris Diaw,1987,2014-15,NBA,SAS,81,15,1987,291,632,.460,237,463,.512,54,169,.320,72,93,.774,.526,78,270,348,233,36,23,126,148,708,6.7,-0.4,288,diawbo01
383,Greivis Vásquez,1990,2014-15,NBA,TOR,82,29,1990,296,725,.408,163,374,.436,133,351,.379,50,66,.758,.514,22,194,216,302,46,10,119,177,775,6.4,-1.0,65,vasqugr01
384,Al Jefferson,1991,2014-15,NBA,CHO,65,61,1991,486,1010,.481,484,1005,.482,2,5,.400,108,165,.655,.500,99,449,548,113,47,84,68,139,1082,12.5,1.6,-119,jeffeal01
385,Jason Thompson,1991,2014-15,NBA,SAC,81,63,1991,201,428,.470,201,427,.471,0,1,.000,89,143,.622,.500,139,391,530,85,33,57,84,239,491,5.2,-2.8,-189,thompja02
386,DeMarcus Cousins,2013,2014-15,NBA,SAC,59,59,2013,498,1066,.467,496,1058,.469,2,8,.250,423,541,.782,.545,185,562,747,210,90,103,254,241,1421,18.4,4.3,58,couside01
387,Lou Williams,2016,2014-15,NBA,TOR,80,0,2016,375,928,.404,223,481,.464,152,447,.340,340,395,.861,.564,24,127,151,164,88,10,101,103,1242,10.5,2.6,294,willilo02
388,Rajon Rondo,2019,2014-15,NBA,BOSDAL,68,68,2019,275,645,.426,248,559,.444,27,86,.314,31,78,.397,.448,73,300,373,538,91,7,210,153,608,8.7,-0.8,-58,rondora01
389,Eric Gordon,2020,2014-15,NBA,NOP,61,60,2020,285,694,.411,144,379,.380,141,315,.448,107,133,.805,.544,28,131,159,229,50,14,122,145,818,8.8,-1.0,66,gordoer01
390,Wesley Matthews,2027,2014-15,NBA,POR,60,60,2027,337,752,.448,164,307,.534,173,445,.389,109,145,.752,.586,38,184,222,139,77,10,81,132,956,11.3,3.1,267,matthwe02
391,Kawhi Leonard,2031,2014-15,NBA,SAS,64,64,2031,394,822,.479,327,630,.519,67,192,.349,202,252,.802,.567,85,376,461,161,148,48,97,128,1057,14.7,5.9,440,leonaka01
392,Marvin Williams,2036,2014-15,NBA,CHO,78,37,2036,210,495,.424,115,230,.500,95,265,.358,62,87,.713,.541,58,328,386,100,69,36,60,146,577,6.3,0.0,-157,willima02
393,Brandon Knight,2040,2014-15,NBA,MILPHO,63,61,2040,375,888,.422,250,567,.441,125,321,.389,195,223,.874,.543,28,216,244,330,90,10,189,114,1070,12.1,1.6,-76,knighbr03
394,Donatas Motiejūnas,2040,2014-15,NBA,HOU,71,62,2040,353,700,.504,304,567,.536,49,133,.368,100,166,.602,.553,137,284,421,130,56,34,123,203,855,8.8,-0.5,99,motiedo01
395,Marcus Morris,2046,2014-15,NBA,PHO,81,35,2046,331,763,.434,219,450,.487,112,313,.358,71,113,.628,.520,73,312,385,133,63,16,73,188,845,7.3,0.1,-61,morrima03
396,Joakim Noah,2047,2014-15,NBA,CHI,67,67,2047,190,427,.445,190,425,.447,0,2,.000,105,174,.603,.482,219,427,646,312,48,74,123,203,485,9.4,2.1,80,noahjo01
397,Timofey Mozgov,2048,2014-15,NBA,CLEDEN,81,80,2048,314,566,.555,312,560,.557,2,6,.333,155,216,.718,.594,203,388,591,55,33,97,116,227,785,8.4,-0.7,260,mozgoti01
398,Andre Iguodala,2066,2014-15,NBA,GSW,77,0,2066,231,496,.466,157,284,.553,74,212,.349,68,114,.596,.553,44,213,257,228,89,25,88,100,604,7.3,0.9,440,iguodan01
399,J.R. Smith,2082,2014-15,NBA,CLENYK,70,51,2082,315,755,.417,152,329,.462,163,426,.383,54,72,.750,.538,30,188,218,195,82,22,97,163,847,8.4,0.7,160,smithjr01
400,Kenneth Faried,2085,2014-15,NBA,DEN,75,71,2085,373,736,.507,372,728,.511,1,8,.125,199,288,.691,.548,242,426,668,89,62,57,118,211,946,10.7,-0.1,-38,farieke01
401,Corey Brewer,2088,2014-15,NBA,HOUMIN,80,17,2088,343,805,.426,280,570,.491,63,235,.268,168,226,.743,.507,80,217,297,173,114,19,131,173,917,8.0,-1.0,-30,breweco01
402,Terrence Ross,2095,2014-15,NBA,TOR,82,61,2095,309,753,.410,164,363,.452,145,390,.372,44,56,.786,.519,32,194,226,86,53,25,69,136,807,5.9,-1.4,36,rosste01
403,Jonas Valančiūnas,2098,2014-15,NBA,TOR,80,80,2098,373,652,.572,373,651,.573,0,1,.000,217,276,.786,.623,215,478,693,39,33,95,109,222,963,10.7,0.5,-33,valanjo01
404,DeMar DeRozan,2102,2014-15,NBA,TOR,60,60,2102,409,990,.413,384,902,.426,25,88,.284,361,434,.832,.510,41,236,277,210,73,11,137,122,1204,13.1,-0.9,129,derozde01
405,Brook Lopez,2104,2014-15,NBA,BRK,72,44,2104,506,987,.513,505,977,.517,1,10,.100,223,274,.814,.558,214,321,535,50,43,126,104,206,1236,13.2,1.2,-106,lopezbr01
406,Bradley Beal,2109,2014-15,NBA,WAS,63,59,2109,363,851,.427,257,592,.434,106,259,.409,130,166,.783,.521,57,184,241,194,76,18,123,136,962,10.1,0.1,196,bealbr01
407,Deron Williams,2113,2014-15,NBA,BRK,68,55,2113,298,771,.387,211,534,.395,87,237,.367,201,241,.834,.504,29,208,237,448,64,17,154,157,884,10.3,0.2,-14,willide01
408,Kemba Walker,2118,2014-15,NBA,CHO,62,58,2118,378,981,.385,293,701,.418,85,280,.304,234,283,.827,.486,35,185,220,318,89,31,100,92,1075,12.8,2.3,-188,walkeke02
409,Serge Ibaka,2119,2014-15,NBA,OKC,64,64,2119,374,786,.476,297,581,.511,77,205,.376,92,110,.836,.549,135,364,499,55,30,155,97,194,917,11.2,0.9,164,ibakase01
410,Greg Monroe,2138,2014-15,NBA,DET,69,57,2138,423,853,.496,423,853,.496,0,0,,252,336,.750,.549,229,475,704,142,78,34,149,148,1098,13.5,2.0,-24,monrogr01
411,Enes Freedom,2139,2014-15,NBA,OKCUTA,75,74,2139,482,928,.519,466,883,.528,16,45,.356,183,234,.782,.564,277,394,671,55,36,29,145,189,1163,11.6,-0.9,-37,kanteen01
412,Michael Carter-Williams,2150,2014-15,NBA,MILPHI,66,63,2150,364,919,.396,328,766,.428,36,153,.235,202,291,.694,.461,64,289,353,442,111,30,253,167,966,10.4,-1.1,-168,cartemi01
413,Patrick Patterson,2160,2014-15,NBA,TOR,81,4,2160,240,535,.449,135,252,.536,105,283,.371,63,80,.788,.568,127,306,433,155,60,44,54,149,648,7.8,2.5,255,pattepa01
414,Rudy Gobert,2163,2014-15,NBA,UTA,82,37,2163,258,427,.604,258,425,.607,0,2,.000,170,273,.623,.627,265,510,775,109,64,189,111,175,686,10.7,4.2,9,goberru01
415,Chandler Parsons,2186,2014-15,NBA,DAL,66,66,2186,383,829,.462,251,482,.521,132,347,.380,139,193,.720,.567,64,259,323,161,69,19,96,140,1037,11.4,1.6,200,parsoch01
416,DeMarre Carroll,2187,2014-15,NBA,ATL,70,69,2187,318,653,.487,198,349,.567,120,304,.395,127,181,.702,.603,99,273,372,118,94,17,75,154,883,10.5,1.7,203,carrode01
417,Gorgui Dieng,2193,2014-15,NBA,MIN,73,49,2193,259,512,.506,258,506,.510,1,6,.167,191,244,.783,.573,223,386,609,146,71,126,126,188,710,10.5,0.2,-385,dienggo01
418,Tristan Thompson,2197,2014-15,NBA,CLE,82,15,2197,267,488,.547,267,488,.547,0,0,,159,248,.641,.580,274,383,657,39,34,61,83,189,693,8.2,-1.2,220,thomptr01
419,Dion Waiters,2205,2014-15,NBA,CLEOKC,80,23,2205,375,946,.396,302,700,.431,73,246,.297,117,172,.680,.460,41,151,192,163,90,21,113,155,940,6.5,-3.3,57,waitedi01
420,Tim Duncan,2224,2014-15,NBA,SAS,77,77,2224,419,819,.512,417,812,.514,2,7,.286,230,311,.740,.560,170,534,704,230,63,151,131,165,1070,13.6,5.1,302,duncati01
421,Mike Conley,2225,2014-15,NBA,MEM,70,70,2225,393,882,.446,286,605,.473,107,277,.386,214,249,.859,.558,29,180,209,375,89,14,156,139,1107,12.2,2.8,212,conlemi01
422,Jeff Teague,2231,2014-15,NBA,ATL,73,72,2231,408,887,.460,337,680,.496,71,207,.343,275,319,.862,.566,30,154,184,513,125,31,205,139,1162,13.7,2.9,383,teaguje01
423,Jarrett Jack,2243,2014-15,NBA,BRK,80,27,2243,359,817,.439,320,671,.477,39,146,.267,200,227,.881,.522,19,226,245,373,75,13,191,143,957,8.7,-1.1,-316,jackja01
424,Wesley Johnson,2244,2014-15,NBA,LAL,76,59,2244,286,691,.414,195,432,.451,91,259,.351,90,112,.804,.509,67,252,319,124,59,45,87,162,753,6.9,-1.9,-312,johnswe01
425,Evan Turner,2259,2014-15,NBA,BOS,82,57,2259,320,746,.429,287,627,.458,33,119,.277,106,141,.752,.482,40,377,417,449,83,19,198,180,779,8.0,-1.0,-102,turneev01
426,Reggie Jackson,2269,2014-15,NBA,DETOKC,77,40,2269,432,996,.434,360,755,.477,72,241,.299,181,218,.830,.511,56,271,327,462,62,9,186,167,1117,10.9,1.1,114,jacksre01
427,Matt Barnes,2276,2014-15,NBA,LAC,76,74,2276,277,624,.444,141,248,.569,136,376,.362,74,95,.779,.574,51,251,302,114,67,50,87,240,764,7.1,-0.3,526,barnema02
428,Derrick Favors,2281,2014-15,NBA,UTA,74,74,2281,482,918,.525,481,912,.527,1,6,.167,222,332,.669,.558,196,411,607,112,60,123,121,210,1187,13.2,2.5,56,favorde01
429,Dirk Nowitzki,2285,2014-15,NBA,DAL,77,77,2285,487,1062,.459,383,788,.486,104,274,.380,255,289,.882,.560,44,413,457,143,39,33,82,160,1333,12.2,2.2,231,nowitdi01
430,Trey Burke,2286,2014-15,NBA,UTA,76,43,2286,370,1005,.368,246,615,.400,124,390,.318,109,145,.752,.455,31,173,204,328,65,15,124,119,973,8.0,-1.4,-55,burketr01
431,Tyson Chandler,2286,2014-15,NBA,DAL,75,75,2286,293,440,.666,293,440,.666,0,0,,185,257,.720,.697,294,570,864,84,42,91,105,169,771,12.3,2.6,230,chandty01
432,Russell Westbrook,2302,2014-15,NBA,OKC,67,67,2302,627,1471,.426,541,1183,.457,86,288,.299,546,654,.835,.536,124,364,488,574,140,14,293,184,1886,21.6,8.1,251,westbru01
433,Zach Randolph,2303,2014-15,NBA,MEM,71,71,2303,454,932,.487,447,912,.490,7,20,.350,228,298,.765,.538,225,522,747,153,69,14,156,175,1143,12.9,1.3,340,randoza01
434,Josh Smith,2307,2014-15,NBA,DETHOU,83,35,2307,414,987,.419,342,759,.451,72,228,.316,127,255,.498,.467,152,378,530,277,87,116,206,228,1027,8.9,0.7,14,smithjo03
435,Danny Green,2311,2014-15,NBA,SAS,81,80,2311,322,738,.436,131,281,.466,191,457,.418,111,127,.874,.596,54,289,343,158,101,87,93,163,946,9.8,4.6,427,greenda02
436,Nerlens Noel,2311,2014-15,NBA,PHI,75,71,2311,302,653,.462,302,653,.462,0,0,,140,230,.609,.493,185,426,611,128,133,142,146,208,744,9.6,-0.3,-434,noelne01
437,Harrison Barnes,2317,2014-15,NBA,GSW,82,82,2317,316,656,.482,229,441,.519,87,215,.405,108,150,.720,.573,117,336,453,116,61,19,71,146,827,8.4,0.1,532,barneha02
438,Al Horford,2318,2014-15,NBA,ATL,76,76,2318,519,965,.538,508,929,.547,11,36,.306,107,141,.759,.563,131,413,544,244,68,98,100,121,1156,13.8,4.1,288,horfoal01
439,Gerald Henderson,2323,2014-15,NBA,CHO,80,72,2323,370,847,.437,325,711,.457,45,136,.331,184,217,.848,.514,36,237,273,206,51,22,110,135,969,8.2,-1.4,-32,hendege02
440,Blake Griffin,2354,2014-15,NBA,LAC,67,67,2354,574,1144,.502,564,1119,.504,10,25,.400,311,427,.728,.551,126,382,508,354,63,35,152,196,1469,17.3,4.0,584,griffbl01
441,Courtney Lee,2355,2014-15,NBA,MEM,77,74,2355,288,643,.448,198,419,.473,90,224,.402,111,129,.860,.555,21,157,178,151,75,12,78,129,777,7.2,-0.5,122,leeco01
442,Tobias Harris,2367,2014-15,NBA,ORL,68,63,2367,442,949,.466,355,710,.500,87,239,.364,193,245,.788,.551,73,357,430,124,69,36,115,134,1164,12.2,0.5,-293,harrito02
443,Mario Chalmers,2368,2014-15,NBA,MIA,80,37,2368,267,663,.403,194,415,.467,73,248,.294,206,266,.774,.521,24,182,206,307,122,10,173,251,813,7.2,-2.5,-145,chalmma01
444,Khris Middleton,2378,2014-15,NBA,MIL,79,58,2378,406,869,.467,297,601,.494,109,268,.407,134,156,.859,.563,48,299,347,182,122,11,113,183,1055,10.1,1.6,322,middlkh01
445,Nicolas Batum,2380,2014-15,NBA,POR,71,71,2380,240,600,.400,140,291,.481,100,309,.324,84,98,.857,.516,62,354,416,341,78,40,132,106,664,9.2,2.1,219,batumni01
446,Solomon Hill,2380,2014-15,NBA,IND,82,78,2380,251,634,.396,183,426,.430,68,208,.327,159,193,.824,.507,70,244,314,184,66,18,115,177,729,6.3,-1.5,-180,hillso01
447,P.J. Tucker,2382,2014-15,NBA,PHO,78,63,2382,261,596,.438,174,344,.506,87,252,.345,104,143,.727,.541,114,388,502,122,107,23,96,179,713,8.0,0.4,-50,tuckepj01
448,Paul Millsap,2390,2014-15,NBA,ATL,73,73,2390,443,930,.476,366,714,.513,77,216,.356,255,337,.757,.565,139,431,570,223,130,69,166,201,1218,14.1,3.4,409,millspa01
449,JJ Redick,2407,2014-15,NBA,LAC,78,78,2407,447,938,.477,247,480,.515,200,458,.437,183,203,.901,.622,22,145,167,137,39,8,95,134,1277,10.8,1.3,628,redicjj01
450,Rudy Gay,2412,2014-15,NBA,SAC,68,67,2412,508,1116,.455,429,896,.479,79,220,.359,337,393,.858,.556,98,301,399,250,71,41,183,157,1432,15.0,2.7,-108,gayru01
451,Kyle Korver,2418,2014-15,NBA,ATL,75,75,2418,292,600,.487,71,151,.470,221,449,.492,106,118,.898,.699,15,289,304,196,52,42,107,140,911,10.1,2.8,623,korveky01
452,Luol Deng,2420,2014-15,NBA,MIA,72,72,2420,369,787,.469,291,567,.513,78,220,.355,191,251,.761,.561,103,273,376,139,65,22,108,109,1007,10.6,0.0,-9,denglu01
453,Kyle Lowry,2422,2014-15,NBA,TOR,70,70,2422,430,1043,.412,298,652,.457,132,391,.338,252,312,.808,.527,54,274,328,473,109,13,173,212,1244,13.9,3.0,195,lowryky01
454,Avery Bradley,2427,2014-15,NBA,BOS,77,77,2427,434,1012,.429,310,660,.470,124,352,.352,79,100,.790,.507,46,195,241,135,82,15,109,177,1071,8.1,-2.2,-87,bradlav01
455,Thaddeus Young,2434,2014-15,NBA,BRKMIN,76,68,2434,451,968,.466,413,853,.484,38,115,.330,131,200,.655,.507,127,284,411,173,124,25,117,171,1071,10.5,-0.1,-214,youngth01
456,Marcin Gortat,2455,2014-15,NBA,WAS,82,82,2455,439,775,.566,439,772,.569,0,3,.000,123,175,.703,.587,180,537,717,97,49,110,100,191,1001,11.2,1.5,259,gortama01
457,Klay Thompson,2457,2014-15,NBA,GSW,77,77,2457,602,1299,.463,363,754,.481,239,545,.439,225,256,.879,.591,27,220,247,222,87,60,149,122,1668,15.0,4.4,775,thompkl01
458,Jeff Green,2459,2014-15,NBA,BOSMEM,78,70,2459,416,967,.430,319,675,.473,97,292,.332,239,287,.833,.534,64,264,328,134,53,34,108,147,1168,9.8,-0.2,-136,greenje02
459,Anthony Davis,2460,2014-15,NBA,NOP,68,68,2460,642,1199,.535,641,1187,.540,1,12,.083,371,461,.805,.591,173,523,696,149,100,200,95,141,1656,22.2,8.9,266,davisan02
460,Wilson Chandler,2474,2014-15,NBA,DEN,78,75,2474,418,975,.429,279,569,.490,139,406,.342,110,142,.775,.523,96,379,475,134,58,29,110,231,1085,9.1,-0.6,-214,chandwi01
461,Draymond Green,2487,2014-15,NBA,GSW,79,79,2487,339,765,.443,228,436,.523,111,329,.337,132,200,.660,.540,114,533,647,291,123,99,133,253,921,11.3,3.5,833,greendr01
462,Elfrid Payton,2490,2014-15,NBA,ORL,82,63,2490,301,708,.425,290,666,.435,11,42,.262,118,214,.551,.456,107,242,349,533,142,20,203,193,731,8.7,-1.2,-200,paytoel01
463,LeBron James,2494,2014-15,NBA,CLE,69,69,2494,624,1279,.488,504,940,.536,120,339,.354,375,528,.710,.577,51,365,416,511,109,49,272,135,1743,19.7,7.1,542,jamesle01
464,Andre Drummond,2497,2014-15,NBA,DET,82,82,2497,494,961,.514,494,959,.515,0,2,.000,142,365,.389,.504,437,667,1104,55,73,153,120,285,1130,12.9,-0.1,-59,drumman01
465,Arron Afflalo,2502,2014-15,NBA,DENPOR,78,72,2502,375,884,.424,257,551,.466,118,333,.354,167,198,.843,.533,27,220,247,129,41,7,116,167,1035,7.6,-2.5,-21,afflaar01
466,LaMarcus Aldridge,2514,2014-15,NBA,POR,71,71,2514,659,1415,.466,622,1310,.475,37,105,.352,306,362,.845,.528,177,549,726,124,48,68,122,125,1661,17.1,2.9,338,aldrila01
467,Jimmy Butler,2515,2014-15,NBA,CHI,65,65,2515,421,912,.462,348,719,.484,73,193,.378,386,463,.834,.583,114,265,379,212,114,36,93,108,1301,17.1,4.6,239,butleji01
468,Nikola Vučević,2528,2014-15,NBA,ORL,74,74,2528,631,1206,.523,629,1200,.524,2,6,.333,164,218,.752,.548,238,572,810,147,54,54,148,220,1428,15.0,0.9,-308,vucevni01
469,Kevin Love,2531,2014-15,NBA,CLE,75,75,2531,413,952,.434,269,560,.480,144,392,.367,258,321,.804,.562,142,589,731,168,51,39,122,140,1228,13.3,2.7,397,loveke01
470,Giannis Antetokounmpo,2542,2014-15,NBA,MIL,81,71,2542,383,780,.491,376,736,.511,7,44,.159,257,347,.741,.552,100,442,542,207,73,85,173,254,1030,10.0,0.0,6,antetgi01
471,Victor Oladipo,2572,2014-15,NBA,ORL,72,71,2572,473,1086,.436,389,838,.464,84,248,.339,262,320,.819,.527,51,251,302,295,120,19,204,187,1292,12.1,-0.4,-305,oladivi01
472,Markieff Morris,2581,2014-15,NBA,PHO,82,82,2581,512,1100,.465,455,921,.494,57,179,.318,177,232,.763,.523,110,396,506,192,101,39,170,245,1258,10.5,-0.3,105,morrima02
473,Kentavious Caldwell-Pope,2591,2014-15,NBA,DET,82,82,2591,390,972,.401,237,528,.449,153,444,.345,110,158,.696,.501,46,209,255,109,93,18,94,161,1043,7.5,-1.7,72,caldwke01
474,Stephen Curry,2613,2014-15,NBA,GSW,80,80,2613,653,1341,.487,367,695,.528,286,646,.443,308,337,.914,.638,56,285,341,619,163,16,249,158,1900,20.4,9.9,921,curryst01
475,Gordon Hayward,2618,2014-15,NBA,UTA,76,76,2618,484,1087,.445,364,757,.481,120,330,.364,375,462,.812,.567,54,319,373,313,108,30,206,131,1463,14.3,4.0,101,haywago01
476,Goran Dragić,2641,2014-15,NBA,MIAPHO,78,78,2641,502,1002,.501,412,743,.555,90,259,.347,181,234,.774,.577,81,193,274,350,78,15,173,195,1275,12.2,0.8,24,dragigo01
477,Ty Lawson,2668,2014-15,NBA,DEN,75,75,2668,404,926,.436,334,721,.463,70,205,.341,265,363,.730,.526,42,192,234,720,92,9,185,128,1143,14.3,2.2,-28,lawsoty01
478,Ben McLemore,2674,2014-15,NBA,SAC,82,82,2674,363,831,.437,223,440,.507,140,391,.358,130,160,.813,.552,31,210,241,140,77,19,138,219,996,7.3,-2.2,-39,mclembe01
479,Pau Gasol,2682,2014-15,NBA,CHI,78,78,2682,570,1153,.494,558,1127,.495,12,26,.462,294,366,.803,.550,220,699,919,210,25,147,158,147,1446,16.2,3.5,193,gasolpa01
480,Marc Gasol,2690,2014-15,NBA,MEM,81,81,2690,530,1072,.494,527,1055,.500,3,17,.176,350,440,.795,.558,115,515,630,307,70,131,176,208,1413,14.7,5.1,225,gasolma01
481,Tyreke Evans,2695,2014-15,NBA,NOP,79,76,2695,521,1165,.447,452,938,.482,69,227,.304,202,291,.694,.508,82,334,416,521,100,37,246,198,1313,12.6,1.2,163,evansty01
482,Monta Ellis,2698,2014-15,NBA,DAL,80,80,2698,602,1354,.445,521,1070,.487,81,284,.285,228,303,.752,.509,34,156,190,329,148,25,198,197,1513,12.1,-0.1,211,ellismo01
483,Kyrie Irving,2733,2014-15,NBA,CLE,75,75,2733,578,1235,.468,421,857,.491,157,378,.415,315,365,.863,.583,55,182,237,389,114,20,186,146,1628,16.3,4.1,422,irvinky01
484,Joe Johnson,2787,2014-15,NBA,BRK,80,80,2787,446,1025,.435,325,688,.472,121,337,.359,141,176,.801,.523,53,331,384,292,59,14,137,120,1154,10.3,-0.1,-122,johnsjo02
485,Eric Bledsoe,2799,2014-15,NBA,PHO,81,81,2799,468,1046,.447,380,774,.491,88,272,.324,353,441,.800,.555,72,351,423,493,127,45,274,189,1377,13.7,2.1,36,bledser01
486,DeAndre Jordan,2819,2014-15,NBA,LAC,82,82,2819,379,534,.710,378,530,.713,1,4,.250,187,471,.397,.638,397,829,1226,61,81,183,109,245,946,14.4,2.9,623,jordade01
487,John Wall,2841,2014-15,NBA,WAS,79,79,2841,519,1166,.445,454,949,.478,65,217,.300,284,362,.785,.523,36,330,366,792,138,45,304,180,1387,15.4,3.6,288,walljo01
488,Chris Paul,2860,2014-15,NBA,LAC,82,82,2860,568,1170,.485,429,821,.523,139,349,.398,289,321,.900,.596,52,324,376,838,156,15,190,203,1564,19.2,8.0,735,paulch01
489,Damian Lillard,2928,2014-15,NBA,POR,82,82,2928,590,1360,.434,394,788,.500,196,572,.343,344,398,.864,.560,49,329,378,507,97,21,222,164,1720,15.8,4.7,305,lillada01
490,Trevor Ariza,2936,2014-15,NBA,HOU,82,82,2936,366,910,.402,172,355,.485,194,555,.350,122,143,.853,.539,77,382,459,209,152,17,141,186,1048,9.9,1.0,229,arizatr01
491,Andrew Wiggins,2971,2014-15,NBA,MIN,82,82,2971,497,1137,.437,458,1011,.453,39,126,.310,354,466,.760,.517,134,240,374,170,86,50,177,190,1387,11.0,-2.4,-553,wiggian01
492,James Harden,2979,2014-15,NBA,HOU,81,81,2979,647,1470,.440,439,915,.480,208,555,.375,715,824,.868,.605,75,384,459,565,154,60,321,208,2217,21.7,8.8,333,hardeja01
